﻿/*
SQLyog Enterprise - MySQL GUI v8.1 
MySQL - 5.5.8-log : Database - medtechtrade
*********************************************************************
*/

/*!40101 SET NAMES utf8 */;

/*!40101 SET SQL_MODE=''*/;

/*!40014 SET @OLD_FOREIGN_KEY_CHECKS=@@FOREIGN_KEY_CHECKS, FOREIGN_KEY_CHECKS=0 */;
/*!40101 SET @OLD_SQL_MODE=@@SQL_MODE, SQL_MODE='NO_AUTO_VALUE_ON_ZERO' */;


USE `medtecht_zend`;

/*Table structure for table `alerta` */

DROP TABLE IF EXISTS `alerta`;

CREATE TABLE `alerta` (
  `id` int(11) NOT NULL AUTO_INCREMENT,
  `usuario_id` int(11) NOT NULL,
  `tipo` int(11) DEFAULT NULL,
  `detalle` varchar(255) DEFAULT NULL COMMENT 'detalle de \nconfiguracion de alertas ',
  `active` int(11) DEFAULT '1',
  `fecharegistro` datetime DEFAULT NULL,
  `fechamodificacion` datetime DEFAULT NULL,
  PRIMARY KEY (`id`),
  KEY `fk_conf_alertas_usuario1` (`usuario_id`),
  CONSTRAINT `fk_conf_alertas_usuario1` FOREIGN KEY (`usuario_id`) REFERENCES `usuario` (`id`) ON DELETE NO ACTION ON UPDATE NO ACTION
) ENGINE=InnoDB DEFAULT CHARSET=utf8;

/*Data for the table `alerta` */

/*Table structure for table `busqueda` */

DROP TABLE IF EXISTS `busqueda`;

CREATE TABLE `busqueda` (
  `id` int(11) NOT NULL AUTO_INCREMENT,
  `palabras_busqueda` varchar(255) DEFAULT NULL,
  `modelo` varchar(255) DEFAULT NULL,
  `fabricante` varchar(255) DEFAULT NULL,
  `categoria_id` int(11) DEFAULT NULL,
  `anio_inicio` int(11) DEFAULT NULL,
  `anio_fin` int(11) DEFAULT NULL,
  `precio_inicio` int(11) DEFAULT NULL,
  `precio_fin` int(11) DEFAULT NULL,
  `usuario_id` int(11) NOT NULL,
  `active` int(11) NOT NULL DEFAULT '1',
  `fecharegistro` datetime DEFAULT NULL,
  `fechamodificacion` datetime DEFAULT NULL,
  PRIMARY KEY (`id`),
  KEY `fk_busqueda_usuario1` (`usuario_id`),
  CONSTRAINT `fk_busqueda_usuario1` FOREIGN KEY (`usuario_id`) REFERENCES `usuario` (`id`) ON DELETE NO ACTION ON UPDATE NO ACTION
) ENGINE=InnoDB DEFAULT CHARSET=utf8;

/*Data for the table `busqueda` */

/*Table structure for table `categoria` */

DROP TABLE IF EXISTS `categoria`;

CREATE TABLE `categoria` (
  `id` int(11) NOT NULL AUTO_INCREMENT,
  `nombre` varchar(100) COLLATE utf8_unicode_ci NOT NULL,
  `title` varchar(150) COLLATE utf8_unicode_ci DEFAULT NULL,
  `thumbnail` varchar(255) COLLATE utf8_unicode_ci DEFAULT NULL,
  `descripcion` text COLLATE utf8_unicode_ci,
  `published` int(11) DEFAULT NULL,
  `order` int(11) DEFAULT NULL,
  `active` int(11) DEFAULT '1',
  `slug` varchar(200) COLLATE utf8_unicode_ci NOT NULL,
  PRIMARY KEY (`id`)
) ENGINE=InnoDB AUTO_INCREMENT=172 DEFAULT CHARSET=utf8 COLLATE=utf8_unicode_ci;

/*Data for the table `categoria` */

insert  into `categoria`(id,nombre,title,thumbnail,descripcion,published,order,active,slug) values (148,'Others','Others',NULL,'',NULL,19,1,'others'),(150,'Apparatus / General Lab','Apparatus / General Lab',NULL,'',NULL,2,1,'apparatus-general-lab'),(151,'Cardio Devices','Cardio Devices',NULL,'',NULL,5,1,'cardio-devices'),(152,'Balances','Balances',NULL,'',NULL,6,1,'balances'),(153,'Centrifugues','Centrifugues',NULL,'',NULL,7,1,'centrifugues'),(154,'Respirators','Respirators',NULL,'',NULL,8,1,'respirators'),(155,'Endoscopy Devices','Endoscopy Devices',NULL,'',NULL,10,1,'endoscopy-devices'),(156,'Microscopes','Microscopes',NULL,'',NULL,17,1,'microscopes'),(157,'Imaging Systems','Imaging Systems',NULL,'',NULL,12,1,'imaging-systems'),(158,'Chirurgical Devices','Chirurgical Devices',NULL,'',NULL,14,1,'chirurgical-devices'),(159,'Monitoring Devices','Monitoring Devices',NULL,'',NULL,9,1,'monitoring-devices'),(160,'Perfusors & Pumps','Perfusors & Pumps',NULL,'',NULL,16,1,'perfusors-pumps'),(161,'Ultrasound','Ultrasound',NULL,'',NULL,18,1,'ultrasound'),(162,'Incubators','Incubators',NULL,'',NULL,13,1,'incubators'),(163,'Autoclaves','Autoclaves',NULL,'',NULL,3,1,'autoclaves'),(164,'Coolers & Freezers','Coolers & Freezers',NULL,'',NULL,11,1,'coolers-freezers'),(165,'Medical Furnitures / Beds','Medical Furnitures / Beds',NULL,'',NULL,15,1,'medical-furnitures-beds'),(168,'X-Ray','X-Ray',NULL,'',NULL,4,1,'x-ray'),(169,'NEU- & DemogerÃ¤te','NEU- & DemogerÃ¤te',NULL,'',NULL,20,1,'neu-demoger-te'),(170,'prueba','Prueba 2','123.jpg','esto es una vaina',NULL,NULL,0,''),(171,'prueba2','ddsfsd',NULL,'dfsdfdsfs',NULL,NULL,0,'');

/*Table structure for table `categoriapregunta` */

DROP TABLE IF EXISTS `categoriapregunta`;

CREATE TABLE `categoriapregunta` (
  `id` int(11) NOT NULL AUTO_INCREMENT,
  `descripcion` varchar(45) DEFAULT NULL,
  `active` int(11) DEFAULT '1',
  PRIMARY KEY (`id`)
) ENGINE=InnoDB AUTO_INCREMENT=2 DEFAULT CHARSET=utf8;

/*Data for the table `categoriapregunta` */

insert  into `categoriapregunta`(id,descripcion,active) values (1,'Otros',1);

/*Table structure for table `config` */

DROP TABLE IF EXISTS `config`;

CREATE TABLE `config` (
  `id` int(11) NOT NULL AUTO_INCREMENT,
  `usuario_id` int(11) NOT NULL,
  `pais_id` int(11) DEFAULT NULL,
  `idioma_id` int(11) NOT NULL,
  `active` int(1) DEFAULT '1',
  `fechaactualizacion` date DEFAULT NULL,
  PRIMARY KEY (`id`),
  KEY `FK_config_idiomas` (`idioma_id`),
  KEY `FK_config_usuario` (`usuario_id`),
  KEY `FK_config_paises` (`pais_id`),
  CONSTRAINT `FK_config_idiomas` FOREIGN KEY (`idioma_id`) REFERENCES `idiomas` (`id`) ON DELETE NO ACTION ON UPDATE NO ACTION,
  CONSTRAINT `FK_config_paises` FOREIGN KEY (`pais_id`) REFERENCES `paises` (`id`) ON DELETE NO ACTION ON UPDATE NO ACTION,
  CONSTRAINT `FK_config_usuario` FOREIGN KEY (`usuario_id`) REFERENCES `usuario` (`id`) ON DELETE NO ACTION ON UPDATE NO ACTION
) ENGINE=InnoDB DEFAULT CHARSET=utf8;

/*Data for the table `config` */

/*Table structure for table `contacto` */

DROP TABLE IF EXISTS `contacto`;

CREATE TABLE `contacto` (
  `id` int(11) NOT NULL AUTO_INCREMENT,
  PRIMARY KEY (`id`)
) ENGINE=InnoDB DEFAULT CHARSET=utf8;

/*Data for the table `contacto` */

/*Table structure for table `cuotaspago` */

DROP TABLE IF EXISTS `cuotaspago`;

CREATE TABLE `cuotaspago` (
  `id` int(11) NOT NULL AUTO_INCREMENT,
  `operacion_has_equipo_id` int(11) NOT NULL,
  `estadocuota_id` int(11) NOT NULL,
  `nrocuota` int(11) NOT NULL,
  `pago` float NOT NULL,
  `fechapago` datetime NOT NULL,
  `fechalimite` datetime NOT NULL,
  `mora` float NOT NULL,
  PRIMARY KEY (`id`),
  KEY `fk_cuotaspago_operacion_has_equipo1` (`operacion_has_equipo_id`),
  KEY `fk_cuotaspago_estadocuota1` (`estadocuota_id`),
  CONSTRAINT `fk_cuotaspago_estadocuota1` FOREIGN KEY (`estadocuota_id`) REFERENCES `estadocuota` (`id`) ON DELETE NO ACTION ON UPDATE NO ACTION,
  CONSTRAINT `fk_cuotaspago_operacion_has_equipo1` FOREIGN KEY (`operacion_has_equipo_id`) REFERENCES `operacion_has_equipo` (`id`) ON DELETE NO ACTION ON UPDATE NO ACTION
) ENGINE=InnoDB DEFAULT CHARSET=utf8;

/*Data for the table `cuotaspago` */

/*Table structure for table `dbversion` */

DROP TABLE IF EXISTS `dbversion`;

CREATE TABLE `dbversion` (
  `version` int(11) DEFAULT NULL
) ENGINE=InnoDB DEFAULT CHARSET=utf8 COLLATE=utf8_unicode_ci;

/*Data for the table `dbversion` */

insert  into `dbversion`(version) values (55);

/*Table structure for table `equipo` */

DROP TABLE IF EXISTS `equipo`;

CREATE TABLE `equipo` (
  `id` int(11) NOT NULL AUTO_INCREMENT,
  `nombre` varchar(100) COLLATE utf8_unicode_ci NOT NULL,
  `precioventa` float NOT NULL,
  `preciocompra` float NOT NULL,
  `categoria_id` int(11) NOT NULL,
  `estadoequipo_id` int(11) NOT NULL,
  `usuario_id` int(11) NOT NULL,
  `fabricantes_id` int(11) NOT NULL,
  `tag` text COLLATE utf8_unicode_ci,
  `especificaciones` text COLLATE utf8_unicode_ci,
  `descripcion` text COLLATE utf8_unicode_ci,
  `moneda_id` int(11) NOT NULL,
  `paises_id` int(11) NOT NULL,
  `calidad` varchar(200) COLLATE utf8_unicode_ci DEFAULT NULL,
  `cantidad` int(11) NOT NULL,
  `modelo` varchar(150) COLLATE utf8_unicode_ci DEFAULT NULL,
  `fechafabricacion` date DEFAULT NULL,
  `documento` varchar(200) COLLATE utf8_unicode_ci DEFAULT NULL,
  `sourceDocumento` varchar(200) COLLATE utf8_unicode_ci DEFAULT NULL,
  `pesoEstimado` decimal(10,2) DEFAULT NULL,
  `size` decimal(10,2) DEFAULT NULL,
  `ancho` decimal(10,2) DEFAULT NULL,
  `alto` decimal(10,2) DEFAULT NULL,
  `sizeCaja` decimal(10,2) DEFAULT NULL,
  `active` int(11) DEFAULT '1',
  `publicacionEquipo_id` int(11) NOT NULL,
  `views` int(11) DEFAULT NULL COMMENT 'es para la parte de vistas de productos',
  `topofers` int(11) DEFAULT NULL COMMENT 'agregar producto como top ofers',
  `publishdate` date DEFAULT NULL COMMENT 'fecha de publicacion',
  `slug` varchar(200) COLLATE utf8_unicode_ci NOT NULL,
  PRIMARY KEY (`id`),
  KEY `fk_equipo_categoria` (`categoria_id`),
  KEY `fk_equipo_estadoequipo1` (`estadoequipo_id`),
  KEY `fk_equipo_usuario1` (`usuario_id`),
  KEY `fk_equipo_fabricantes1` (`fabricantes_id`),
  KEY `fk_equipo_moneda1` (`moneda_id`),
  KEY `fk_equipo_paises1` (`paises_id`),
  KEY `fk_equipo_publicacionEquipo2` (`publicacionEquipo_id`),
  CONSTRAINT `fk_equipo_categoria` FOREIGN KEY (`categoria_id`) REFERENCES `categoria` (`id`) ON DELETE NO ACTION ON UPDATE NO ACTION,
  CONSTRAINT `fk_equipo_estadoequipo1` FOREIGN KEY (`estadoequipo_id`) REFERENCES `estadoequipo` (`id`) ON DELETE NO ACTION ON UPDATE NO ACTION,
  CONSTRAINT `fk_equipo_fabricantes1` FOREIGN KEY (`fabricantes_id`) REFERENCES `fabricantes` (`id`) ON DELETE NO ACTION ON UPDATE NO ACTION,
  CONSTRAINT `fk_equipo_moneda1` FOREIGN KEY (`moneda_id`) REFERENCES `moneda` (`id`) ON DELETE NO ACTION ON UPDATE NO ACTION,
  CONSTRAINT `fk_equipo_paises1` FOREIGN KEY (`paises_id`) REFERENCES `paises` (`id`) ON DELETE NO ACTION ON UPDATE NO ACTION,
  CONSTRAINT `fk_equipo_publicacionEquipo2` FOREIGN KEY (`publicacionEquipo_id`) REFERENCES `publicacionequipo` (`id`) ON DELETE NO ACTION ON UPDATE NO ACTION,
  CONSTRAINT `fk_equipo_usuario1` FOREIGN KEY (`usuario_id`) REFERENCES `usuario` (`id`) ON DELETE NO ACTION ON UPDATE NO ACTION
) ENGINE=InnoDB AUTO_INCREMENT=392 DEFAULT CHARSET=utf8 COLLATE=utf8_unicode_ci;

/*Data for the table `equipo` */

insert  into `equipo`(id,nombre,precioventa,preciocompra,categoria_id,estadoequipo_id,usuario_id,fabricantes_id,tag,especificaciones,descripcion,moneda_id,paises_id,calidad,cantidad,modelo,fechafabricacion,documento,sourceDocumento,pesoEstimado,size,ancho,alto,sizeCaja,active,publicacionEquipo_id,views,topofers,publishdate,slug) values (84,'Syringe Pump Alaris',300,0,160,1,100,15,NULL,NULL,'Manual in DE,EN,SP + Medikamentenbibliotek',1,99,'OK, working',1,'Alaris Asena TM CC','2000-01-01','',NULL,'0.00','0.00','0.00','0.00','0.00',1,1,148,NULL,'2010-09-27','syringe-pump-alaris'),(85,'Blood Pressure monitor',0,0,159,1,100,16,NULL,NULL,'Manual in DE,SP',1,99,'OK, working',1,'BR-102','2000-01-01','',NULL,'0.31','2.10','7.10','12.00','0.00',1,1,254,NULL,'2010-09-27','blood-pressure-monitor'),(86,'ECG monitor',693,18363,151,1,100,16,NULL,NULL,'ECG Accesories, Manual in DE',1,99,'OK, working',1,'CS-100','1993-03-02','',NULL,'15.00','38.70','48.00','16.90','0.00',1,1,161,NULL,'2010-09-27','ecg-monitor'),(87,'Blood Pressure Monitor',200,6765,159,1,100,17,NULL,NULL,'Sleeves\r\nManual in EN and DE as PDF',1,99,'OK, working',0,'DINAMAP 8100','1991-03-19','',NULL,'3.90','17.00','17.00','22.40','0.00',1,1,122,NULL,'2010-09-27','blood-pressure-monitor-1'),(88,'ECG monitor',0,0,159,1,100,16,NULL,NULL,'Manual in DE',1,99,'OK, working',1,'CS-6/12','2000-01-01','',NULL,'6.50','33.00','41.00','12.00','0.00',1,1,122,NULL,'2010-09-27','ecg-monitor-1'),(100,'Needle Pump Perfusor',200,3200,160,1,100,14,NULL,NULL,'Manual in DE as PDF',1,99,'OK, working',1,'Perfusor SECURA FT','1992-03-01','',NULL,'2.20','15.50','31.00','15.50','0.00',1,1,220,NULL,'2010-09-27','needle-pump-perfusor'),(101,'Needle Pump Perfusor',200,3050,160,1,100,14,NULL,NULL,'Manual in DE as PDF',1,99,'OK, working',1,'Perfusor SECURA FT','1990-06-05','',NULL,'5.00','15.50','31.00','15.50','0.00',1,1,250,NULL,'2010-09-27','needle-pump-perfusor-1'),(105,'Video Copy Processor',0,0,157,1,100,20,NULL,NULL,'Manual in DE,EN,SP',1,99,'OK, working',1,'P91W, P91E','2000-01-01','',NULL,'3.30','30.00','15.40','9.70','0.00',1,1,255,NULL,'2010-09-27','video-copy-processor'),(106,'Video Copy Processor',0,0,157,1,100,20,NULL,NULL,'Manual in DE,EN,SP',1,99,'OK, working',1,'P93W, P93E','2000-01-01','',NULL,'2.80','25.60','15.40','8.90','0.00',1,1,114,NULL,'2010-09-27','video-copy-processor-1'),(108,'Video Color Printer',700,0,157,1,100,12,NULL,NULL,'Manual in DE;EN,SP',1,99,'OK, working',1,'UP-20 / UP-21MD','2000-01-01','',NULL,'6.50','39.50','21.20','12.50','0.00',1,1,104,NULL,'2010-09-28','video-color-printer'),(109,'Digital color Printer',0,0,157,1,100,12,NULL,NULL,'Manuarl in DE,EN,SP',1,99,'OK, working',1,'UP-D21MD','2000-01-01','',NULL,'6.50','39.50','21.20','12.50','0.00',1,1,109,NULL,'2010-09-28','digital-color-printer'),(110,'Digital Graphic Printer',0,0,157,1,100,12,NULL,NULL,'Manual in DE,EN,SP',1,99,'OK, working',1,'UP-D897','2000-01-01','',NULL,'2.60','24.00','15.40','8.80','0.00',1,1,218,NULL,'2010-09-28','digital-graphic-printer'),(114,'Cold Light Source',1941,4100,155,1,100,9,NULL,NULL,'following',1,99,'OK',1,'450 BV','2004-06-30','',NULL,'10.00','0.00','0.00','0.00','0.00',1,1,278,NULL,'2010-10-22','cold-light-source'),(115,'Respirator Amadeus',699,33000,154,1,100,10,NULL,NULL,'following',1,99,'OK, working',0,'Amadeus 153000','1990-01-01','',NULL,'0.00','0.00','0.00','0.00','0.00',1,1,146,NULL,'2010-10-22','respirator-amadeus'),(116,'Cold light source',465,20000,155,1,100,11,NULL,NULL,'following',1,99,'OK, working',1,'CLE-F10','1991-01-01','',NULL,'10.00','52.70','50.00','20.50','0.00',1,2,256,NULL,'2010-10-22','cold-light-source-1'),(117,'Cold Light source',473,8000,155,1,100,11,NULL,NULL,'following',1,99,'OK, working',1,'CLV-U20','1993-10-20','',NULL,'20.00','53.30','58.40','17.80','0.00',1,2,313,NULL,'2010-10-22','cold-light-source-2'),(118,'Videoprinter',462,2130,157,1,100,12,NULL,NULL,'Manual in DE, EN, SP',1,99,'OK, working',1,'UP-895 MDW','2001-01-01','',NULL,'3.40','26.00','15.40','10.50','0.00',1,1,110,NULL,'2010-10-25','videoprinter'),(119,'Infusion Pump',200,3000,160,1,100,13,NULL,NULL,'Rate parameters:1-500 ml/hr. in 1 ml increments /Volume & Dose Limits: Off-9999 ml in 1 ml increments /Occlusion Pressure: Occludes at  rate: 5 ml/hr or selected rate if lower. /Alarms:Flo, Door, Hold, Bat., Batt., Err X.\r\nAccuracy:	? 10 %\r\nFlow Sensor:	Model 182',1,99,'OK, working',1,'IVAC Star Flow 581','1990-05-01','',NULL,'10.00','0.00','0.00','0.00','0.00',1,2,309,NULL,'2010-10-25','infusion-pump'),(120,'Needle Pump Perfusor',448,2499,160,1,100,14,NULL,NULL,'Manual in EN as PDF',1,99,'Very Good',3,'Perfusor Compact','2000-02-24','',NULL,'1.50','19.00','12.00','10.00','0.00',1,2,479,NULL,'2010-10-25','needle-pump-perfusor-2'),(123,'Needle Pump Perfusor',602,2600,160,1,100,14,NULL,NULL,'Manual in EN as PDF',1,99,'Very Good',1,'Perfusor Compact','2001-04-17','',NULL,'1.50','12.00','19.00','10.00','0.00',1,1,161,NULL,'2010-10-25','needle-pump-perfusor-3'),(124,'Videoprinter',1344,3000,157,1,100,12,NULL,NULL,'following',1,99,'OK, working',1,'UP-890 CE','2004-04-01','',NULL,'3.70','15.40','30.30','10.60','0.00',1,2,319,NULL,'2010-10-25','videoprinter-1'),(125,'Respirator Veclar-FT',2472,52458,154,1,100,10,NULL,NULL,'following',1,99,'OK, working',0,'Veolar 1500028','1994-03-01','',NULL,'20.00','0.00','0.00','0.00','0.00',1,1,150,NULL,'2010-10-25','respirator-veclar-ft'),(130,'Video Endoskope Bronchoskop',1540,28357,155,1,100,11,NULL,NULL,'following',1,99,'OK, working',1,'BF-200','1994-10-19','',NULL,'10.00','55.00','0.00','0.00','0.00',1,2,308,NULL,'2010-10-27','video-endoskope-bronchoskop'),(131,'Video Endoskope Bronchoskop',2318,28950,155,1,100,11,NULL,NULL,'following',1,99,'OK, working',1,'BF-200','1996-07-15','',NULL,'10.00','55.00','0.00','0.00','0.00',1,2,358,NULL,'2010-10-27','video-endoskope-bronchoskop-1'),(132,'Puls OXY Meter',281,4526,159,1,100,22,NULL,NULL,'Biox 3740 Ohmeda',1,99,'Good',1,'BIOX 3740','1996-01-01','',NULL,'3.15','20.50','23.50','8.00','0.00',1,2,250,NULL,'2010-10-27','puls-oxy-meter'),(133,'Puls OXY Meter',298,4526,159,1,100,22,NULL,NULL,'following',1,99,'Good',1,'BIOX 3740','1995-01-30','',NULL,'3.15','23.50','20.50','8.00','0.00',1,1,127,NULL,'2010-10-27','puls-oxy-meter-1'),(134,'Respiratory humidifier',200,1987,154,1,100,18,NULL,NULL,'Manual in EN as PDF\r\nManual in DE',1,99,'Good',1,'MR418','1995-04-01','',NULL,'1.30','15.60','13.50','17.00','0.00',1,1,109,NULL,'2010-11-01','respiratory-humidifier'),(135,'Blood Pressure Monitor',200,7173,159,1,100,17,NULL,NULL,'Manual in DE / Sleeves',1,99,'OK, working',0,'DINAMAP 8102','1990-05-01','',NULL,'3.90','17.00','17.00','22.40','0.00',1,1,115,NULL,'2010-11-01','blood-pressure-monitor-2'),(137,'Respiratory humidifier',200,1987,154,1,100,18,NULL,NULL,'Manual in EN as PDF\r\nManual in DE',1,99,'Good',1,'MR410','1995-01-01','',NULL,'1.30','15.60','13.50','17.00','0.00',1,1,100,NULL,'2010-11-01','respiratory-humidifier-1'),(138,'Respiratory humidifier',1031,4931,154,1,100,18,NULL,NULL,'Manual in EN as PDF\r\nManual in DE',1,99,'Good',1,'MR411','2000-11-01','',NULL,'1.30','15.60','13.50','17.00','0.00',1,1,97,NULL,'2010-11-01','respiratory-humidifier-2'),(139,'Respiratory humidifier',370,4931,154,1,100,17,NULL,NULL,'Manual in EN as PDF\r\nManual in DE',1,99,'Good',0,'MR412','1996-04-01','',NULL,'1.30','15.60','13.50','17.00','0.00',1,1,79,NULL,'2010-11-01','respiratory-humidifier-3'),(140,'Respiratory humidifier',619,4931,154,1,100,17,NULL,NULL,'Manual in EN as PDF\r\nManual in DE',1,99,'Good',0,'MR413','1998-07-22','',NULL,'1.30','15.60','13.50','17.00','0.00',1,1,97,NULL,'2010-11-01','respiratory-humidifier-4'),(141,'Respiratory humidifier',619,4931,154,1,100,17,NULL,NULL,'Manual in EN as PDF\r\nManual in DE',1,99,'Good',0,'MR414','1998-07-22','',NULL,'1.30','15.60','13.50','17.00','0.00',1,1,88,NULL,'2010-11-01','respiratory-humidifier-5'),(142,'Respiratory humidifier',619,4931,154,1,100,17,NULL,NULL,'Manual in EN as PDF\r\nManual in DE',1,99,'Good',0,'MR415','1998-07-22','',NULL,'1.30','15.60','13.50','17.00','0.00',1,1,102,NULL,'2010-11-01','respiratory-humidifier-6'),(143,'Respiratory humidifier',619,4931,154,1,100,17,NULL,NULL,'Manual in EN as PDF\r\nManual in DE',1,99,'Good',0,'MR416','1998-07-22','',NULL,'1.30','15.60','13.50','17.00','0.00',1,1,92,NULL,'2010-11-01','respiratory-humidifier-7'),(144,'Respiratory humidifier',619,4931,154,1,100,17,NULL,NULL,'Manual in EN as PDF\r\nManual in DE',1,99,'Good',0,'MR417','1998-07-21','',NULL,'1.30','15.60','13.50','17.00','0.00',1,1,104,NULL,'2010-11-01','respiratory-humidifier-8'),(145,'Breast Pump',200,2421,160,1,100,23,NULL,NULL,'Breast Pump Classic 015 Medela.\r\nHospital grade\r\nThe motor and pump are cased in a clear plastic box\r\nFront switch on/off and a lever to adjust the strength of the vacuum\r\nThe pump is designed to be safely used by multiple people without worrying about cross contamination\r\nPumping kit is needed (not included)',1,99,'Good',1,'Classic 015','1993-05-27','',NULL,'7.30','15.30','30.50','22.90','0.00',1,2,279,NULL,'2010-11-01','breast-pump'),(146,'Breast Pump',200,2421,160,1,100,23,NULL,NULL,'Breast Pump Classic 015 Medela.\r\nHospital grade\r\nThe motor and pump are cased in a clear plastic box\r\nFront switch on/off and a lever to adjust the strength of the vacuum\r\nThe pump is designed to be safely used by multiple people without worrying about cross contamination\r\nPumping kit is needed (not included)',1,99,'Good',1,'Classic 015','1994-05-30','',NULL,'7.30','15.30','30.50','22.90','0.00',1,2,312,NULL,'2010-11-01','breast-pump-1'),(147,'Breast Pump',339,2655,160,1,100,23,NULL,NULL,'Breast Pump Classic 015 Medela.\r\nHospital grade\r\nThe motor and pump are cased in a clear plastic box\r\nFront switch on/off and a lever to adjust the strength of the vacuum\r\nThe pump is designed to be safely used by multiple people without worrying about cross contamination\r\nPumping kit is needed (not included)',1,99,'Good',1,'Classic 015','1998-01-17','',NULL,'7.30','15.30','30.50','22.90','0.00',1,2,308,NULL,'2010-11-01','breast-pump-2'),(148,'Dinamap XL Monitor',200,0,159,1,100,24,NULL,NULL,'Manual in DE',1,99,'OK, working',1,'Dimamap XL 9302','2000-01-01','',NULL,'3.90','17.00','17.00','22.40','0.00',1,2,357,NULL,'2010-11-01','dinamap-xl-monitor'),(149,'X-Ray Film Developer',2797,16125,148,1,100,25,NULL,NULL,'following',1,99,'OK, working',1,'Drystar 2000','2000-01-01','',NULL,'75.00','46.00','68.00','37.00','0.00',1,2,299,NULL,'2010-11-01','x-ray-film-developer'),(150,'Monitor',200,3280,157,1,100,26,NULL,NULL,'following',1,99,'OK, working',0,'SMK 211','1991-11-03','',NULL,'10.00','0.00','0.00','0.00','0.00',1,1,118,NULL,'2010-11-01','monitor'),(151,'Syring Pump',0,0,160,1,100,27,NULL,NULL,'Manual in EN\r\n\r\nThe IMED 800 infusion pump is a semi-automatic, electrically operated syringe pump. It is designed to monitor and control delivery low volumens of I.V. fluides at high accuracy levels utilising 20 ml and 50 ml syringes from most major manufacturers.\r\n\r\nFlow rate is determined by the operator using the rate switches mounted on the front panel of the instrument. The internal program regeatedly monitorx the microprossors, switch setting and stepper motor operation.',1,99,'OK, working',0,'Imed800','2000-01-01','',NULL,'4.00','17.50','41.30','11.50','0.00',1,1,134,NULL,'2010-11-01','syring-pump'),(152,'Pump',282,1650,160,1,100,28,NULL,NULL,'following',1,99,'OK, working',0,'LPSU LA770000','1999-12-06','',NULL,'5.00','0.00','0.00','0.00','0.00',1,1,99,NULL,'2010-11-01','pump'),(153,'Pump',282,1650,160,1,100,28,NULL,NULL,'following',1,99,'OK, working',0,'LPSU LA770000','1999-12-06','',NULL,'5.00','0.00','0.00','0.00','0.00',1,1,94,NULL,'2010-11-01','pump-1'),(154,'Needle Pump',250,0,160,1,100,29,NULL,NULL,'Specifications\r\nFast Occlusion Alarm\r\nThe 3100â€™s internal occlusion pressure detector has a time to alarm response which makes it suitable for neonatal risk infusions.\r\nAdjustable Occlusion Pressure\r\nThe GrasebyÂ® 3100 is suitable for a range of applications from routine ward use to neonatal infusions.\r\nExcellent Flow-Rate Accuracy\r\nThe high level of short and long-term flow-rate accuracy makes the 3100 suitable for neonatal and high risk infusions.\r\n0.1 â€“ 199.9ml/hr Infusion Rate allows a wide range of drug therapies.\r\nThe internal battery provides more than two and a half hoursâ€™ power for patient transportation, or in the event of AC power failure.\r\nThe totaliser allows volume infused to be recorded.\r\nAutomatic Syringe Size-Sensing\r\nAutomatic sensing of 20ml, 30ml and 50/60ml size syringes.\r\nThe GrasebyÂ®3100 accepts syringes from all major manufacturers.',1,99,'OK, working',0,'Graseby 3100','2000-01-01','',NULL,'2.40','13.00','32.00','19.00','0.00',1,1,125,NULL,'2010-11-01','needle-pump'),(155,'Oxygen Monitor',0,0,159,1,100,30,NULL,NULL,'Manual in EN',1,99,'OK, working',0,'810','2000-01-01','',NULL,'0.75','14.00','18.00','77.00','0.00',1,1,116,NULL,'2010-11-01','oxygen-monitor'),(156,'Syringe Pump',0,0,160,1,100,22,NULL,NULL,'Manual in EN\r\n\r\nSpecifications:\r\n- Compatible syringes: Refer to the label attached to the front of the pump for permitted syringe manufacturers and sizes.\r\n- Continuous infusion rate: 0.1 to 200 ml/h\r\n- infusion rate increments 0.1 to 19.9 ml/h in increments of 0.1 ml/h - 20 to 200 ml/h  in increments of 1 ml/h',1,99,'OK, working',0,'9000','2000-01-01','',NULL,'1.40','0.00','0.00','0.00','0.00',1,1,94,NULL,'2010-11-01','syringe-pump'),(157,'Monitor',1370,20230,159,1,100,26,NULL,NULL,'following',1,99,'OK, working',0,'Oxycardio-Respirogra','1995-10-15','',NULL,'10.00','0.00','0.00','0.00','0.00',1,1,96,NULL,'2010-11-01','monitor-1'),(158,'Puls OXY Meter',1197,2800,159,1,100,31,NULL,NULL,'following',1,99,'Very Good',1,'RAD-9','2004-01-15','',NULL,'10.00','0.00','0.00','0.00','0.00',1,1,97,NULL,'2010-11-01','puls-oxy-meter-2'),(159,'Endoscope Control Unit',1176,21558,155,1,100,9,NULL,NULL,'following',1,99,'OK, working',1,'Telecam','1994-10-27','',NULL,'10.00','0.00','0.00','0.00','0.00',1,1,92,NULL,'2010-11-01','endoscope-control-unit'),(160,'Camera Endoscopy',15401,17532,155,1,100,9,NULL,NULL,'following',1,99,'OK, working',1,'Tray 39301ACT','2007-01-21','',NULL,'10.00','0.00','0.00','0.00','0.00',1,1,261,NULL,'2010-11-01','camera-endoscopy'),(161,'Videorecorder',1043,39980,157,1,100,12,NULL,NULL,'following',1,99,'OK, working',1,'TV-Norm CCIR SXR','1991-07-01','',NULL,'10.00','0.00','0.00','0.00','0.00',1,1,112,NULL,'2010-11-01','videorecorder'),(162,'Inhaler',0,0,154,1,100,32,NULL,NULL,'Manual in DE as PDF',1,99,'OK, working',1,'Saluta Super 2','2000-01-01','',NULL,'0.00','0.00','0.00','0.00','0.00',1,1,124,NULL,'2010-11-01','inhaler'),(163,'Infinity Configured Monitoring Systems',0,0,159,1,100,500,NULL,NULL,'Manual in DE',1,99,'OK, working',1,'SC600sXL/SC 6802XL','2000-01-01','',NULL,'3.87','14.50','26.70','19.60','0.00',1,1,111,NULL,'2010-11-01','infinity-configured-monitoring-systems'),(164,'Needle Pump Perfusor',324,2965,160,1,100,14,NULL,NULL,'following',1,99,'Good',1,'Perfusor Secura FM D. 2.Versio','1997-12-05','',NULL,'5.00','0.00','0.00','0.00','0.00',1,1,103,NULL,'2010-11-01','needle-pump-perfusor-4'),(165,'Needle Pump Perfusor',450,2965,160,1,100,14,NULL,NULL,'Syringe pump BBraun Secura FM d. 2.Versio',1,99,'Good',1,'Secura FM d. 2.Versio','2000-05-01','',NULL,'5.00','0.00','0.00','0.00','0.00',1,2,241,NULL,'2010-11-01','needle-pump-perfusor-5'),(167,'Patient Monitors',0,0,159,1,100,19,NULL,NULL,'Manual in EN',1,99,'OK, working',0,'SC 7000','2000-01-01','',NULL,'0.00','0.00','0.00','0.00','0.00',1,1,114,NULL,'2010-11-01','patient-monitors'),(168,'Patient Monitors',0,0,159,1,100,19,NULL,NULL,'Manual in EN',1,99,'OK, working',0,'SC 9000XL','2000-01-01','',NULL,'0.00','0.00','0.00','0.00','0.00',1,1,97,NULL,'2010-11-01','patient-monitors-1'),(169,'Patient Monitors',0,0,159,1,100,19,NULL,NULL,'Manual in EN',1,99,'OK, working',0,'SC 6000','2000-01-01','',NULL,'0.00','0.00','0.00','0.00','0.00',1,1,94,NULL,'2010-11-01','patient-monitors-2'),(170,'Patient monitoring',0,0,159,1,100,19,NULL,NULL,'Manual in EN',1,99,'OK, working',0,'SC 9000','2000-01-01','',NULL,'0.00','0.00','0.00','0.00','0.00',1,1,102,NULL,'2010-11-01','patient-monitoring'),(171,'Videorecorder',2153,4400,157,1,100,12,NULL,NULL,'Manual in DE,EN',1,99,'OK, working',1,'SVO-9500MDP','2004-01-23','',NULL,'10.00','27.00','36.60','13.20','0.00',1,2,286,NULL,'2010-11-01','videorecorder-1'),(172,'Ultrasound Diagnostic, Sonoline',1760,78500,161,1,100,19,NULL,NULL,'- powerful sector / Convex and Linearapplikatoren 2.0 to 7.5 MHz \r\n- Endo probe\r\n- four applicator ports The unit can be placed in 5.0MHz Convex probe, such as a 5.0/7.5 MHz\r\nSector / micro sector probe and a 7.5 MHz linear transducer connected.\r\n- 16 pre-programmed basic settings\r\n- 256 shades of gray\r\n- extensive measurements and protocols \r\n- floppy drive',1,99,'Good',1,'SI-400 E','1994-01-03','',NULL,'20.00','50.00','60.00','120.00','0.00',1,2,597,NULL,'2010-11-01','ultrasound-diagnostic-sonoline'),(173,'Patient Monitors',900,0,159,1,100,19,NULL,NULL,'Manual in EN',1,99,'OK, working',0,'SC 6002','2000-01-01','',NULL,'0.00','0.00','0.00','0.00','0.00',1,1,144,NULL,'2010-11-01','patient-monitors-3'),(174,'Isolette Infant Incubator',1590,955,162,1,100,21,NULL,NULL,'Manual in DE,EN,SP',1,99,'OK, working',1,'C2000','2000-01-01','',NULL,'96.00','140.00','120.00','75.00','0.00',1,2,498,NULL,'2010-11-01','isolette-infant-incubator'),(177,'Needle Pump',0,0,160,1,100,13,NULL,NULL,'Manual in DE as PDF\r\n\r\nInfusion rate range: 0.1-99.9 ml/h\r\n\r\nNetwork connection: 220-240 V~, 50/60 Hz\r\nBattery: rechargable\r\n\r\nThe Model 770 has been developed to process small quantities of drugs with high accuracy.',1,99,'OK, working',0,'IVAC 770','2000-01-01','',NULL,'3.60','16.50','31.80','12.00','0.00',1,1,260,NULL,'2010-11-15','needle-pump-1'),(178,'Needle Pump Perfusor',0,0,160,1,100,14,NULL,NULL,'The Perfusor fm is a transportable infusion\r\nsyringe pump in accordance with IEC/EN\r\n60601-2-24 that is suitable for dispensing\r\nliquids in nutritional and infusion therapy. The medical specialist must decide on suitability for application on the basis of the warranted properties and the technical data.The Perfusor fm is used primarily for the highly precise, reproducible infusion of medication in large and small quantities. The device permits extremely exacting delivery rate settings, and thus',1,99,'OK, working',1,'Perfusor fm','2000-01-01','',NULL,'3.50','17.00','36.00','11.00','0.00',1,1,315,NULL,'2010-11-15','needle-pump-perfusor-6'),(179,'Critical Care Monitoring',567,0,159,1,100,17,NULL,NULL,'Key Features of the Solar 8000 Monitor are:\r\nSolar 8000 with Tram Rac, C.S.and Recorder\r\nThe Monitor includes the following parameters:\r\nâ€¢ ECG\r\nâ€¢ NIBP\r\nâ€¢ SpO2\r\nâ€¢ Temperature\r\nâ€¢ 2 IBP\r\nâ€¢ Flat Screen view panel VP150, 15â€ Resolution: 1024 x 514 pixels \r\n\r\nTram rac 4A, 1 module Tram 250sl\r\n\r\nMounting frame included in the price.',1,99,'Good',6,'Solar 8000','1999-01-01','Solar 8000 CPU Modell - MedTechTrade.pdf',NULL,'30.00','37.00','64.00','66.00','0.00',1,2,848,NULL,'2010-11-19','critical-care-monitoring'),(182,'Syringe Pump',493,3550,160,1,100,29,NULL,NULL,'- Continuous Infusion and TCI (Target Controlled Infusion) Modes\r\n- Preset (hands-free) and Manual (hands-on) Bolus\r\n- High Bolus Infusion Rate\r\n- Volume (ml/hr) and Mass Units Infusion Programming\r\n- Accepts and automatically senses the size of syringes from the major manufactures\r\n- Occlusion Alarm\r\n- Volume and Mass and Totalizers\r\n- Pump History\r\n- Communications Interface\r\n- AC Powered with backup battery operation\r\nTCI Features\r\n- Incorporates the AstraZeneca DiprifusorTM TCI Module\r\n- Compatible with AstraZeneca Diprivan PFS\r\n- TCI Target Titrate\r\nBattery condition: as is.',1,99,'OK, working',1,'3500 D TCI','1999-01-01','',NULL,'3.50','32.50','19.50','11.50','0.00',1,2,333,NULL,'2010-11-26','syringe-pump-1'),(183,'Syringe Pump',493,3550,160,1,100,29,NULL,NULL,'- Continuous Infusion and TCI (Target Controlled Infusion) Modes\r\n- Preset (hands-free) and Manual (hands-on) Bolus\r\n- High Bolus Infusion Rate\r\n- Volume (ml/hr) and Mass Units Infusion Programming\r\n- Accepts and automatically senses the size of syringes from the major manufactures\r\n- Occlusion Alarm\r\n- Volume and Mass and Totalizers\r\n- Pump History\r\n- Communications Interface\r\n- AC Powered with backup battery operation\r\nTCI Features\r\n- Incorporates the AstraZeneca DiprifusorTM TCI Module\r\n- Compatible with AstraZeneca Diprivan PFS\r\n- TCI Target Titrate\r\nBattery condition: as is.',1,99,'OK, working',1,'3500 D TCI','1999-01-01','',NULL,'0.00','0.00','0.00','0.00','0.00',1,1,222,NULL,'2010-11-26','syringe-pump-2'),(185,'INSUFFLATION Device CO2',400,10000,155,1,100,34,NULL,NULL,'following',1,99,'OK, working',0,'7050E','1995-01-01','',NULL,'0.00','0.00','0.00','0.00','0.00',1,1,93,NULL,'2010-11-26','insufflation-device-co2'),(186,'Surveillance MONITOR',200,0,159,1,100,35,NULL,NULL,'following',1,99,'OK, working',0,'78351A','1999-01-01','',NULL,'0.00','0.00','0.00','0.00','0.00',1,2,258,NULL,'2010-11-26','surveillance-monitor'),(187,'Surveillance MONITOR',200,0,159,1,100,35,NULL,NULL,'following',1,99,'OK, working',0,'78353A','1999-01-01','',NULL,'0.00','0.00','0.00','0.00','0.00',1,1,104,NULL,'2010-11-26','surveillance-monitor-1'),(188,'Oxygen Monitor',260,1870,159,1,100,30,NULL,NULL,'following',1,99,'OK, working',0,'810','1999-01-01','',NULL,'0.00','0.00','0.00','0.00','0.00',1,1,101,NULL,'2010-11-26','oxygen-monitor-1'),(189,'Oxygen Monitor',260,1870,159,1,100,30,NULL,NULL,'following',1,99,'OK, working',0,'810','1999-01-01','',NULL,'0.00','0.00','0.00','0.00','0.00',1,1,99,NULL,'2010-11-26','oxygen-monitor-2'),(190,'Oxygen Monitor',260,1870,159,1,100,30,NULL,NULL,'following',1,99,'OK, working',0,'810','1999-01-01','',NULL,'0.00','0.00','0.00','0.00','0.00',1,1,123,NULL,'2010-11-26','oxygen-monitor-3'),(191,'Control Unit Video Endoskop',1735,1000,155,1,100,36,NULL,NULL,'Endoscopy camera\r\n\r\nCamera unit available Linvatec 8172\r\n(search Linvatec 8172 in our webpage)',1,99,'OK, working',1,'8180A','1999-01-01','',NULL,'0.00','0.00','0.00','0.00','0.00',1,2,339,NULL,'2010-11-26','control-unit-video-endoskop'),(192,'Coagolatoin device',278,2000,150,1,100,37,NULL,NULL,'following',1,99,'Very Good',0,'Comp/M 900625-1','1999-01-01','',NULL,'0.00','0.00','0.00','0.00','0.00',1,1,120,NULL,'2010-11-26','coagolatoin-device'),(193,'Control Unit Video Endoskop',2082,15000,155,1,100,11,NULL,NULL,'following',1,99,'OK, working',0,'CV-200','1999-01-01','',NULL,'0.00','0.00','0.00','0.00','0.00',1,1,98,NULL,'2010-11-26','control-unit-video-endoskop-1'),(194,'X-Ray Film Developer',1388,10000,148,1,100,500,NULL,NULL,'following',1,99,'OK, working',0,'Dental XR04','1999-01-01','',NULL,'0.00','0.00','0.00','0.00','0.00',1,1,75,NULL,'2010-11-26','x-ray-film-developer-1'),(195,'Defibrillator',3058,17625,151,1,100,39,NULL,NULL,'following',1,99,'OK, working',0,'Lifepak 7','2000-01-01','',NULL,'0.00','0.00','0.00','0.00','0.00',1,1,103,NULL,'2010-11-26','defibrillator'),(196,'Blood Gas Monitor TCp02 / CO2',1196,21307,150,1,100,40,NULL,NULL,'Without Sensor\r\nService-Manual in EN as PDF\r\n\r\nLinde Medical Sensors MicroGas 7650 is a blood gas monitor equipped with an integrated calibrator.\r\nThe device provides reliable, continuous measurement of transcutaneous oxygen and carbon\r\ndioxide tensions by using a combined PO2/PCO2 sensor (type COMBIâ€¢M). The sensor is calibrated\r\nfully automatically when it is placed into the built-in calibration chamber. When not in use, the sensor\r\nis stored within the calibration chamber and the system is ready to use at any time. The monitor\r\ndetects and gives warning when the oxygen and/or the carbon dioxide tensions exceeds the alarm\r\nlimits, the values of which are adjustable by the operator.',1,99,'OK, working',1,'Micro GAS 7650','1994-12-12','',NULL,'5.60','30.00','26.60','13.50','0.00',1,1,223,NULL,'2010-11-26','blood-gas-monitor-tcp02-co2'),(197,'Oxygen Monitor',278,2000,159,1,100,41,NULL,NULL,'following',1,99,'OK, working',0,'Mono2','1999-01-01','',NULL,'0.00','0.00','0.00','0.00','0.00',1,1,120,NULL,'2010-11-26','oxygen-monitor-4'),(198,'Oxygen Monitor',278,2000,159,1,100,41,NULL,NULL,'following',1,99,'OK, working',0,'Mono2','1999-01-01','',NULL,'0.00','0.00','0.00','0.00','0.00',1,1,97,NULL,'2010-11-26','oxygen-monitor-5'),(199,'Oxygen Monitor',278,2000,159,1,100,41,NULL,NULL,'following',1,99,'OK, working',0,'Mono2','1999-01-01','',NULL,'0.00','0.00','0.00','0.00','0.00',1,1,110,NULL,'2010-11-26','oxygen-monitor-6'),(200,'Blood Balance',0,0,150,1,100,42,NULL,NULL,'following',1,99,'OK, working',0,'MW5001','1999-01-01','',NULL,'0.00','0.00','0.00','0.00','0.00',1,1,149,NULL,'2010-11-26','blood-balance'),(201,'Capno Meter Datex 200',353,9000,159,1,100,43,NULL,NULL,'following',1,99,'OK, working',0,'Normocap CD 200-33-0','1993-05-06','',NULL,'10.00','0.00','0.00','0.00','0.00',1,1,107,NULL,'2010-11-26','capno-meter-datex-200'),(202,'Capno Meter Datex 200',353,9000,159,1,100,43,NULL,NULL,'following',1,99,'OK, working',0,'Normocap CD 200-33-0','1993-05-06','',NULL,'10.00','0.00','0.00','0.00','0.00',1,1,121,NULL,'2010-11-26','capno-meter-datex-200-1'),(203,'Capno Meter Datex 200',233,10110,159,1,100,43,NULL,NULL,'following',1,99,'Good',0,'Normocap CD 200-33-0','1990-12-19','',NULL,'10.00','0.00','0.00','0.00','0.00',1,1,112,NULL,'2010-11-26','capno-meter-datex-200-2'),(204,'Needle Pump IVAC TIVA',386,2500,160,1,100,44,NULL,NULL,'following',1,99,'Very Good',0,'P6000 TIVA','1999-06-24','',NULL,'5.00','0.00','0.00','0.00','0.00',1,1,120,NULL,'2010-11-26','needle-pump-ivac-tiva'),(205,'Needle Pump IVAC TIVA',322,2500,160,1,100,44,NULL,NULL,'following',1,99,'Very Good',0,'P6000 TIVA','1998-01-01','',NULL,'5.00','0.00','0.00','0.00','0.00',1,1,141,NULL,'2010-11-26','needle-pump-ivac-tiva-1'),(206,'Monitor-Endoskopie',255,1470,155,1,100,12,NULL,NULL,'following',1,99,'OK, working',0,'PVM-1453MD','2000-01-01','',NULL,'0.00','0.00','0.00','0.00','0.00',1,1,100,NULL,'2010-11-26','monitor-endoskopie'),(207,'Monitor-Endoskopie',0,0,155,1,100,45,NULL,NULL,'following',1,99,'OK, working',0,'PVM-20M2MDE','1999-01-01','',NULL,'0.00','0.00','0.00','0.00','0.00',1,1,158,NULL,'2010-11-26','monitor-endoskopie-1'),(208,'Bath Lift Scuba',1468,12700,165,1,100,46,NULL,NULL,'following',1,99,'OK, working',1,'Scuba','1998-03-01','',NULL,'0.00','0.00','0.00','0.00','0.00',1,2,274,NULL,'2010-11-26','bath-lift-scuba'),(209,'Spalt lamp with Mobile Wagon',2892,10000,148,1,100,47,NULL,NULL,'following',1,99,'OK, working',1,'SL-2F for Eye-Check','2003-04-18','',NULL,'0.00','0.00','0.00','0.00','0.00',1,2,370,NULL,'2010-11-26','spalt-lamp-with-mobile-wagon'),(210,'Videoprinter',400,3000,157,1,100,12,NULL,NULL,'following',1,99,'OK, working',0,'SSZ-300S','1999-01-01','',NULL,'0.00','0.00','0.00','0.00','0.00',1,1,73,NULL,'2010-11-26','videoprinter-2'),(211,'Deep Freezer -40Â°C',478,5000,164,1,100,48,NULL,NULL,'following',1,99,'OK, working',1,'U 67 - 45','1997-05-01','',NULL,'0.00','0.00','0.00','0.00','0.00',1,2,370,NULL,'2010-11-26','deep-freezer-40-c'),(212,'Videoprinter',451,3250,157,1,100,12,NULL,NULL,'following',1,99,'OK, working',1,'UP-20','1999-01-01','',NULL,'6.50','21.20','39.50','12.50','0.00',1,2,260,NULL,'2010-11-26','videoprinter-3'),(213,'Videoprinter',833,6000,157,1,100,12,NULL,NULL,'following',1,99,'OK, working',1,'UP2800P','1999-01-01','',NULL,'10.50','41.20','37.10','12.50','0.00',1,2,310,NULL,'2010-11-26','videoprinter-4'),(214,'Videoprinter',833,6000,157,1,100,12,NULL,NULL,'following',1,99,'OK, working',1,'UP3000P','1999-01-01','',NULL,'10.00','43.00','43.50','12.50','0.00',1,2,259,NULL,'2010-11-26','videoprinter-5'),(215,'Videoprinter',625,4500,157,1,100,12,NULL,NULL,'following',1,99,'OK, working',1,'UP51MDP','1999-01-01','',NULL,'14.00','37.00','47.50','12.50','0.00',1,2,252,NULL,'2010-11-26','videoprinter-6'),(216,'Videoprinter',296,2130,157,1,100,12,NULL,NULL,'following',1,99,'OK, working',0,'UP895CE/UP-895MD','1999-01-01','',NULL,'0.00','0.00','0.00','0.00','0.00',1,1,179,NULL,'2010-11-26','videoprinter-7'),(218,'Hyperthermie Device',315,2270,148,1,100,49,NULL,NULL,'following',1,99,'OK, working',0,'Warm-Air 135','1999-01-01','',NULL,'0.00','0.00','0.00','0.00','0.00',1,1,160,NULL,'2010-11-26','hyperthermie-device'),(219,'Heating Cabinet',215,1800,148,1,100,50,NULL,NULL,'following',1,99,'OK, working',1,'WS 60/30/30','1998-05-01','',NULL,'0.00','0.00','0.00','0.00','0.00',1,2,437,NULL,'2010-11-26','heating-cabinet'),(220,'Respiratory humidifier',684,4931,154,1,100,18,NULL,NULL,'Manual in EN als PDF\r\nManual in DE',1,99,'OK, working',1,'MR410','1999-01-01','MR410 Operators Manual_E',NULL,'1.30','15.60','13.50','17.00','0.00',1,1,233,NULL,'2010-11-29','respiratory-humidifier-9'),(221,'Capno Meter Datex 200',306,9403,159,1,100,43,NULL,NULL,'following',1,99,'OK, working',0,'Normocap CD 200-33-0','1992-07-01','',NULL,'10.00','0.00','0.00','0.00','0.00',1,1,203,NULL,'2010-11-29','capno-meter-datex-200-3'),(222,'AnÃ¤sthesiesystem ADU',12476,90000,150,1,100,51,NULL,NULL,'Referenzhandbuch:\r\n1.	Gasversorgungssystem\r\n a.	Verdampfer\r\n2.	Ventilator\r\n a.	Ventilator Balgeneinheit\r\n b.	Bag-in-Bottle Prinzip\r\n3.	Ventilator mit Compact Patientenkreisteil\r\n a.	Compact Block\r\n4.	Ventilator mit Standard-Patientenkreisteil\r\n5.	Verdampfer \r\n a.	Aladin Kassette\r\n6.	Monitoring\r\n a.	Vitalmonitor\r\n b.	Beatmungsmonitor\r\n7.	Backup-Systeme\r\n a.	Batterie Backup\r\n b.	BatteriekapazitÃ¤t\r\n c.	Laden\r\n d.	Gasversorgung Backup\r\n e.	Antriebsgas\r\n8.	ZubehÃ¶r\r\n a.	Compact Absorber 12 StÃ¼ck \r\n b.	Spirometry Kit',1,99,'gut',1,'AS/3','1998-12-31','',NULL,'0.00','0.00','0.00','0.00','0.00',1,1,556,NULL,'2010-12-07','an-sthesiesystem-adu'),(223,'Microscope',0,0,156,1,100,52,NULL,NULL,'Manual in DE',1,99,'OK,working',1,'Universal S3','1998-10-19','',NULL,'0.00','0.00','0.00','0.00','0.00',1,1,401,NULL,'2010-12-09','microscope'),(228,'Ear surgery set',2400,1500,158,1,62,9,NULL,NULL,'Ear surgery set (Box 2)\r\nKarl Storz 222605\r\nKarl Storz 222604\r\nKarl Storz 222602\r\nKarl Storz 222710\r\nKarl Storz 222720\r\nKarl Storz 221200\r\nKarl Storz 221100\r\nKarl Storz 227401\r\nMagnetik inox Case Karl Storz 239000 (included)',1,99,'very good',1,'please read description in Download document PDF','1997-01-01','Ear surgery set Karl Storz - MedTechTrade.pdf',NULL,'0.00','0.00','0.00','0.00','0.00',1,2,539,NULL,'2011-01-17','ear-surgery-set'),(229,'Surgery Stapedectomie set Karl Storz',1600,1000,158,1,62,9,NULL,NULL,'Item list module 1\r\nKarl Storz 225205\r\nKarl Storz 225210\r\nKarl Storz 225215\r\nKarl Storz 225230\r\nKarl Storz 226101\r\nKarl Storz 225405\r\nKarl Storz 225410 \r\nKarl Storz 225415\r\n\r\nItem list module 2\r\nKarl Storz 226600\r\nKarl Storz 226604\r\nKarl Storz 226606*\r\nKarl Storz 226820\r\nKarl Storz 224802\r\nKarl Storz 226504\r\nKarl Storz 226506\r\nKarl Storz 226500\r\n\r\nItem list module 3\r\nKarl Storz 224001\r\n*mirror\r\nKarl Storz 226810\r\nKarl Storz 226102\r\nKarl Storz 162020 MU\r\nKarl Storz 221406 MU\r\nKarl Storz 222800 E',1,99,'good',1,'please read description in Download document PDF','1997-01-01','Surgery Stapedectomie set Karl Storz - MedTechTrade.pdf',NULL,'0.00','0.00','0.00','0.00','0.00',1,2,903,NULL,'2011-01-17','surgery-stapedectomie-set-karl-storz'),(231,'Defibrillator',580,0,151,1,62,53,NULL,NULL,'This rugged, portable AED is built tough to withstand the most abusive field requirements.\r\nA patented motion detection system reduces the possibility of faulty rhythm analysis.\r\nFeatures include simple operation with optional voice prompts and user-friendly\r\ndisplay with backlit screen. CODE SUMMARY critical event record recaps critical events\r\nfrom the moment of â€œpower on.â€ The option to select manual mode allows smooth transfer\r\nfrom first responder to ALS personnel resulting in saved time and continuous patient record.\r\n\r\nDefibrillation electrodes are compatible with all other LIFEPAK defibrillator/monitors.\r\nSelect from either FAST-PATCH Â® disposable defibrillation/ECG electrodes or QUIK-COMBOâ„¢\r\npacing/defibrillation/ECG electrodes.\r\n\r\nECG MONITOR\r\nDisplay type: Backlit liquid crystal\r\nINTEGRAL ECG/VOICE RECORDER\r\nECG printer:\r\nPrinter type: Thermal array',1,99,'good',1,'LIFEPAK 300','1996-01-01','Life Pak 300 Physio Control - MedTechTrade.pdf',NULL,'7.00','40.60','37.00','13.70','0.00',1,2,445,NULL,'2011-01-20','defibrillator-1'),(234,'Ultrasound nebulizer',0,0,154,1,62,13,NULL,NULL,'ultrasound nebulizer from Carbamed with transport frame (stainless steel)\r\n5 systems available.',1,99,'very good',5,'Vario Sonic','1994-01-01','',NULL,'0.00','0.00','0.00','0.00','0.00',1,1,238,NULL,'2011-01-24','ultrasound-nebulizer'),(236,'Ultra-Low Temperature Upright Freezers',14300,10000,164,1,62,54,NULL,NULL,'Thermo Scientific Revco Ultima PLUS \r\nUltra-Low Temperature Upright Freezers\r\nModel No. ULT2586-10-V\r\n\r\nBeginning of operation: December 2008\r\nPlacing out of operation: March 2010\r\nCondition of device: Excellent\r\n\r\nSpecifications:\r\nTemperature range: from -50Â°C until -86Â°C\r\nCapacity Cu: 691(L)\r\nElectrical Amps/Breaker 230V/60 Hz 1Ã˜\r\nInterior Dimensions H x W x D (mm) (1283 x 876 x 616) \r\nExterior Dimensions H x W x D (mm) (1975 x 1219 x 922) \r\nShipping Weight: 376Kg\r\nPower Tension 230v Freq: 50Power Tension 230v Freq: 50Hz Phase: 1 Amps: 12A',1,99,'Excellent',1,'ULT2586-10-V','2008-12-01','Ultra-Low Temperature Upright Freezers ULT2586-10-V - MedTechTrade.pdf',NULL,'0.00','0.00','0.00','0.00','0.00',1,1,706,NULL,'2011-01-24','ultra-low-temperature-upright-freezers'),(237,'Large Size Ductless Fume Hoods',0,0,150,1,62,500,NULL,NULL,'Large Size Ductless Fume Hoods\r\nModel: Filtair XL 1646\r\n\r\n    * In compliance with AFNOR NF X 15-211 Standard, Class I\r\n    * For large-scale equipment\r\n    * Hour counter linked to alarm (reminder for every 60 working hours) to check filter saturation)\r\n    * Very Low Sound Level (50dba)\r\n    * Size: 999mm, 1314mm, 1599mm',1,99,'very good',1,'Filtair XL 1646','2006-01-01','Brochure Filtair XL 1646',NULL,'8.60','160.00','75.00','130.00','0.00',1,2,616,NULL,'2011-01-24','large-size-ductless-fume-hoods'),(240,'Patient Lifter',0,0,165,1,62,500,NULL,NULL,'Patient Lifter\r\n\r\nmin height: 46cm\r\nmax height: 94cm\r\nmax weight: 150kg\r\n\r\nlift system: hydraulic\r\n\r\n2 foldable arm holder\r\n\r\nMade in Sweden',1,99,'very good',1,'type 210081-01','2004-04-01','',NULL,'0.00','0.00','0.00','0.00','0.00',1,2,384,NULL,'2011-01-25','patient-lifter'),(241,'Surgical Instruments 3',0,0,158,1,62,500,NULL,NULL,'Diverse surgery instrumental:\r\nKarl Storz number 26173 EK LT, 26173 LS HT, 26173 MS GT, 26176 BG KT2, 33123 + 33310G, \r\nUSA ACCESS 32-5201,38-5201 (in bag),38-5100 RF (in original bag), 38-5201RF (in original bag), 38-5100\r\n3x instruments without number or description, similar to the above mentioned\r\ncable martin\r\ncable Karl Storz 26001 M\r\nmanual drill machine\r\ndiverse item without number (see picture)\r\n\r\nAluminum box 59x28x10.5cm (condition regular)',1,99,'very good',1,'see description','1997-01-01','PDF Surgery 3 - MedTechTrade',NULL,'0.00','0.00','0.00','0.00','0.00',1,2,488,NULL,'2011-01-25','surgical-instruments-3'),(242,'Surgical Instruments 4',0,0,158,1,62,500,NULL,NULL,'Please see PDF with pictures',1,99,'very good',1,'diverse','1997-01-01','Surgery 4 - MedTechTrade PDF',NULL,'0.00','0.00','0.00','0.00','0.00',1,2,494,NULL,'2011-01-25','surgical-instruments-4'),(243,'Surgical Instruments 5',0,0,158,1,62,500,NULL,NULL,'Please see PDF with pictures',1,99,'very good',1,'diverse','1997-01-01','PDF Surgery 5 - MedTechTrade',NULL,'0.00','0.00','0.00','0.00','0.00',1,2,384,NULL,'2011-01-26','surgical-instruments-5'),(244,'Photo therapy, light therapy',0,0,148,1,62,500,NULL,NULL,'in process',1,99,'good',1,'Medilux 800','1994-01-01','',NULL,'0.00','0.00','0.00','0.00','0.00',1,1,329,NULL,'2011-01-26','photo-therapy-light-therapy'),(246,'Dummy',0,5000,163,1,62,500,NULL,NULL,'dummy',1,160,'Good',0,'Dummy Model 0000','2005-01-01','Descargar documento22',NULL,'0.00','0.00','0.00','0.00','0.00',1,1,58,NULL,'2011-01-26','dummy'),(247,'Shaver Hand Piece',200,200,158,1,62,36,NULL,NULL,'Handpieces Shaver, No-Button C9820\r\n\r\nBalance, sealed and lightweight.\r\nSealed motor assembly. Up to 6000rpm in forward. Up to 1500rpm in oscillate\r\nSuction control valve.\r\nFor use with Large Hub Shaver Blades and Burs\r\nCutting modes are controlled by footswitch or from the drive console.\r\n\r\nWeight: 450g',1,99,'very good',1,'Apex C9820','1997-01-01','',NULL,'0.50','0.00','0.00','0.00','0.00',1,1,432,NULL,'2011-01-31','shaver-hand-piece'),(249,'Respirator',368,190,154,1,62,500,NULL,NULL,'time-cycled\r\nvolume-constant ventilator for controlled \r\nuse: ventilation in the emergency medicine',1,99,'ok, working',1,'Oxylog D 8404440','1988-01-01','',NULL,'0.00','0.00','0.00','0.00','0.00',1,2,340,NULL,'2011-02-04','respirator'),(250,'Cell-Saver',2841,1700,150,1,62,500,NULL,NULL,'Rigid Latham Bowl Processing\r\n\r\nFlow Through Processing Continuous \r\n- concentration of RBCÂ´s during fill cycle\r\n- Wash cycle \r\n- End product volume constant \r\n- End product hematocrit variable\r\n\r\naccesories: Bowls 125ml and 225ml',1,99,'ok, working',1,'CS5','1994-01-01','',NULL,'55.00','50.00','59.00','138.00','0.00',1,2,537,NULL,'2011-02-04','cell-saver'),(251,'Pulse Oxymeter',634,340,159,1,62,500,NULL,NULL,'Datex pulsoximeter, without sensors',1,99,'ok, working',1,'SATLITE Trans OSP-200','1987-01-01','',NULL,'0.00','0.00','0.00','0.00','0.00',1,2,247,NULL,'2011-02-04','pulse-oxymeter'),(252,'Syringe Pump',311,159,160,1,62,15,NULL,NULL,'The IVAC TIVA functions with a range of standard, single use, disposable luer-lock syringes of various types and accepts sizes from 5ml to 50ml\r\n\r\n-Two modes of operation\r\n-Simple to set up and easy to operate\r\n-Drug Protocols for anesthesia enviroment\r\n-Rate range from 0.1 to 1200ml/h\r\n-event logging records operatio of pump',1,99,'ok, working',1,'Ivac TIVA','2002-05-01','',NULL,'2.70','31.00','20.00','12.10','0.00',1,2,322,NULL,'2011-02-04','syringe-pump-3'),(253,'Patient monitor inkl. Arm',1078,600,151,1,62,500,NULL,NULL,'Patient monitor: ECG, NIBP, SpO2, Temperature, Presure.\r\nWithout presure measurements accesories and finger sensor (please see pictures)\r\nmouting arm included\r\nwith External power supply',1,99,'ok, working',9,'Vitara 8060, Parameterbox PB8800','1995-01-01','',NULL,'0.00','0.00','0.00','0.00','0.00',1,2,384,NULL,'2011-02-04','patient-monitor-inkl-arm'),(254,'ORL-Mikroskop',4810,3000,156,1,62,52,NULL,NULL,'ORL-Mikroskop\r\nLight Source Zeiss NAG2\r\nBase Contraves CMK BK001',1,99,'ok, working',1,'OPMI 19 FC','1990-01-01','Zeiss ORL Microscop - MedTechTrade.pdf',NULL,'0.00','0.00','0.00','0.00','0.00',1,1,251,NULL,'2011-02-04','orl-mikroskop'),(255,'Patientenmonitor',1409,800,159,1,62,500,NULL,NULL,'Datex AS/3 with 3 Modules (Plug-in) for NIBD, IBD, SpO2, EKG, temp. Thermal Printer.\r\nwith Printer and some cables and sensors (see picture)\r\nG-AiOV Airway Gases Spirometer\r\n\r\nD/VHC/14/23/02\r\nDatex AS/3 CPU and monitor Hitachi\r\n14â€ color video CRT display',1,99,'ok, working',1,'AS/3 F/CU8/23/02','1994-01-01','',NULL,'16.50','31.50','41.00','13.50','0.00',1,2,258,NULL,'2011-02-04','patientenmonitor'),(256,'Patientenmonitor',0,0,159,1,62,500,NULL,NULL,'Datex AS/3 CPU and monitor Hitachi\r\n14â€ color video CRT display',1,99,'ok, working',1,'AS/3 D/VHC/14/23/02','1994-01-01','',NULL,'0.00','0.00','0.00','0.00','0.00',1,1,117,NULL,'2011-02-04','patientenmonitor-1'),(257,'Respirator',3365,2040,154,1,62,500,NULL,NULL,'Anaesthesia Device CATO\r\nAdult Patient Circuit (NEO mode, Pressure Limited Ventilation, 20 ml volume).\r\nFlowtubes: Air, N2O and O2, \r\nMan. /Spontan., IPPV and SIMV modes,\r\nVolume Controlled min. 50 ml.',1,99,'ok, working',1,'Cato','1995-01-01','Respirator Cato - MedTechTrade.pdf',NULL,'180.00','75.00','80.00','150.00','0.00',1,2,375,NULL,'2011-02-04','respirator-1'),(258,'NEEDLE PUMP Perfusor',3101,0,160,1,62,14,NULL,NULL,'The Perfusor fm is a transportable infusion\r\nsyringe pump in accordance with IEC/EN\r\n60601-2-24 that is suitable for dispensing\r\nliquids in nutritional and infusion therapy.\r\n\r\nAccuracy of set delivery rate Â± 2 %, measuring time > 1 h, min. 2 ml\r\n(including disposables approved by\r\nmanufacturer)\r\nDelivery range 0.1 - 200.0 ml/h\r\nDelivery pre-selection 1 - 999.9 ml (in 1 ml increments)\r\nOcclusion alarm pressure 9-stage (approx. 0.2 bar...1.0 bar Â± 0.2 bar)\r\nSettings for bolus function Rate 1 ml/h to 1800 ml/h\r\nVolume 0.1 ml to 50.0 ml\r\nInterval time 1 min. to 99 h 59 min.\r\nAlarm in case of incorrect delivery In case of incorrect delivery',1,99,'ok, working',1,'Perfusor SECURA FM D 2.VERSIO','2007-07-05','',NULL,'5.00','0.00','0.00','0.00','0.00',1,2,209,NULL,'2011-02-07','needle-pump-perfusor-7'),(259,'NEEDLE PUMP Perfusor',300,0,160,1,62,14,NULL,NULL,'The Perfusor fm is a transportable infusion\r\nsyringe pump in accordance with IEC/EN\r\n60601-2-24 that is suitable for dispensing\r\nliquids in nutritional and infusion therapy.\r\n\r\nAccuracy of set delivery rate Ã‚Â± 2 %, measuring time > 1 h, min. 2 ml\r\n(including disposables approved by\r\nmanufacturer)\r\nDelivery range 0.1 - 200.0 ml/h\r\nDelivery pre-selection 1 - 999.9 ml (in 1 ml increments)\r\nOcclusion alarm pressure 9-stage (approx. 0.2 bar...1.0 bar Ã‚Â± 0.2 bar)\r\nSettings for bolus function Rate 1 ml/h to 1800 ml/h\r\nVolume 0.1 ml to 50.0 ml\r\nInterval time 1 min. to 99 h 59 min.\r\nAlarm in case of incorrect delivery In case of incorrect delivery',1,99,'ok, working',4,'Perfusor SECURA FM D 2.VERSIO','1997-04-01','',NULL,'5.00','0.00','0.00','0.00','0.00',1,2,221,NULL,'2011-02-07','needle-pump-perfusor-8'),(260,'NEEDLE PUMP Perfusor',200,0,160,1,62,14,NULL,NULL,'The Perfusor fm is a transportable infusion\r\nsyringe pump in accordance with IEC/EN\r\n60601-2-24 that is suitable for dispensing\r\nliquids in nutritional and infusion therapy.\r\n\r\nAccuracy of set delivery rate Â± 2 %, measuring time > 1 h, min. 2 ml\r\n(including disposables approved by\r\nmanufacturer)\r\nDelivery range 0.1 - 200.0 ml/h\r\nDelivery pre-selection 1 - 999.9 ml (in 1 ml increments)\r\nOcclusion alarm pressure 9-stage (approx. 0.2 bar...1.0 bar Â± 0.2 bar)\r\nSettings for bolus function Rate 1 ml/h to 1800 ml/h\r\nVolume 0.1 ml to 50.0 ml\r\nInterval time 1 min. to 99 h 59 min.\r\nAlarm in case of incorrect delivery In case of incorrect delivery',1,99,'ok, working',1,'Perfusor SECURA FM D 2.VERSIO','1992-10-01','',NULL,'5.00','0.00','0.00','0.00','0.00',1,2,221,NULL,'2011-02-07','needle-pump-perfusor-9'),(261,'Breastpump',200,0,160,1,62,500,NULL,NULL,'in process',1,99,'ok, working',1,'Brustpumpe Schmid','1988-06-17','',NULL,'0.00','0.00','0.00','0.00','0.00',1,2,210,NULL,'2011-02-08','breastpump'),(262,'Needle Pump',272,0,160,1,62,13,NULL,NULL,'in process',1,99,'ok, working',1,'IVAC 770D','1995-10-03','',NULL,'3.60','31.80','16.50','12.00','0.00',1,2,220,NULL,'2011-02-08','needle-pump-2'),(263,'Needle Pump',272,0,160,1,62,13,NULL,NULL,'in process',1,99,'ok, working',1,'IVAC 770D','1995-06-30','',NULL,'3.60','31.80','16.50','12.00','0.00',1,2,219,NULL,'2011-02-08','needle-pump-3'),(264,'Needle Pump Perfusor',200,0,160,1,62,14,NULL,NULL,'in process',1,99,'ok, working',1,'SECURA FT','1993-01-26','',NULL,'2.20','31.00','15.50','15.50','0.00',1,2,295,NULL,'2011-02-08','needle-pump-perfusor-10'),(265,'INFUSION PUMP',200,0,160,1,62,13,NULL,NULL,'in process',1,99,'ok, working',1,'Star Flow 581','1990-01-05','',NULL,'0.00','0.00','0.00','0.00','0.00',1,2,248,NULL,'2011-02-08','infusion-pump-1'),(266,'Videorecorder',200,0,157,1,62,500,NULL,NULL,'in process',1,99,'ok, working',1,'AG 6200','1986-12-13','',NULL,'0.00','0.00','0.00','0.00','0.00',1,2,204,NULL,'2011-02-08','videorecorder-2'),(267,'Videorecorder',895,0,157,1,62,12,NULL,NULL,'in process',1,99,'ok, working',1,'FERNSEHNORM CCIR SXR','1991-07-01','',NULL,'0.00','0.00','0.00','0.00','0.00',1,2,196,NULL,'2011-02-08','videorecorder-3'),(268,'Videoprinter',200,0,157,1,62,20,NULL,NULL,'in process',1,99,'ok, working',1,'P66E','1994-01-03','',NULL,'3.90','15.40','31.40','12.50','0.00',1,2,208,NULL,'2011-02-08','videoprinter-8'),(269,'Videoprinter',0,0,157,1,62,20,NULL,NULL,'in process',1,99,'ok, working',1,'P67E','1980-01-01','',NULL,'3.50','15.40','31.40','12.50','0.00',1,2,249,NULL,'2011-02-08','videoprinter-9'),(270,'Videoprinter',262,0,157,1,62,12,NULL,NULL,'in process',1,99,'ok, working',1,'UP-1200','1994-10-27','',NULL,'0.00','0.00','0.00','0.00','0.00',1,2,254,NULL,'2011-02-08','videoprinter-10'),(271,'Videoprinter',200,0,157,1,62,12,NULL,NULL,'in process',1,99,'ok, working',1,'UP-3030P','1984-01-01','',NULL,'0.00','0.00','0.00','0.00','0.00',1,2,247,NULL,'2011-02-08','videoprinter-11'),(272,'Videorecorder',200,0,157,1,62,12,NULL,NULL,'in process',1,99,'ok, working',1,'U-MATIK VO 2630','1984-01-01','',NULL,'32.50','59.10','41.60','22.40','0.00',1,2,241,NULL,'2011-02-08','videorecorder-4'),(273,'Videoprinter',0,0,157,1,62,12,NULL,NULL,'in process',1,99,'ok, working',1,'UP-895CE','2001-01-01','',NULL,'0.00','0.00','0.00','0.00','0.00',1,1,137,NULL,'2011-02-08','videoprinter-12'),(274,'Videoprinter',399,280,157,1,62,12,NULL,NULL,'in process',1,99,'ok',3,'UP-895MD','2001-01-01','',NULL,'3.40','15.40','26.00','10.50','0.00',1,2,308,NULL,'2011-02-08','videoprinter-13'),(275,'Blood Pressure Monitor 24h',692,350,159,1,62,16,NULL,NULL,'with one cuff, Size:for adults\r\n\r\nThe device is with auscultatory measuring Method',1,99,'ok, working',1,'BR-102','2002-03-01','',NULL,'0.31','7.10','12.00','2.10','12.00',1,2,265,NULL,'2011-02-08','blood-pressure-monitor-24h'),(276,'ECG monitor',208,0,151,1,62,16,NULL,NULL,'in process',1,99,'ok, working',1,'Cardiovit CS-12 C','1989-01-01','',NULL,'0.00','0.00','0.00','0.00','0.00',1,1,218,NULL,'2011-02-08','ecg-monitor-2'),(277,'Video camera Endoskopie',386,200,155,1,62,36,NULL,NULL,'Camera endoscopy\r\n\r\nControl unit available Linvatec 8180A\r\n(search Linvatec 8180A in our webpage)',1,99,'ok, working',1,'8172','1999-01-01','',NULL,'0.00','0.00','0.00','0.00','0.00',1,2,314,NULL,'2011-02-08','video-camera-endoskopie'),(278,'Cold Light Source',200,0,155,1,62,9,NULL,NULL,'in process',1,99,'ok, working',1,'482 B','1984-01-01','',NULL,'0.00','0.00','0.00','0.00','0.00',1,2,268,NULL,'2011-02-08','cold-light-source-3'),(279,'Cold Light Source',200,0,155,1,62,11,NULL,NULL,'in process',1,99,'ok, working',1,'CLV','1984-01-01','',NULL,'0.00','0.00','0.00','0.00','0.00',1,2,221,NULL,'2011-02-08','cold-light-source-4'),(280,'Cold Light Source',200,0,155,1,62,11,NULL,NULL,'in process',1,99,'ok, working',1,'ILK-CLK 3-4(BF-1T30)','1988-06-15','',NULL,'17.50','22.90','38.10','17.80','0.00',1,2,277,NULL,'2011-02-08','cold-light-source-5'),(281,'Leak Tester for endoscope',525,0,155,1,62,11,NULL,NULL,'Olympus MU Leakage Tester\r\nMaintenance Unit',1,99,'ok, working',1,'MU-1','2005-11-14','',NULL,'0.00','0.00','0.00','0.00','0.00',1,2,266,NULL,'2011-02-09','leak-tester-for-endoscope'),(282,'Ultrasound cleaner',626,0,163,1,62,500,NULL,NULL,'Features\r\nCapacity: 28,0 litres\r\nFilling volume for cleaning: 19,0 litres\r\nRK 1028 H: built-in heating 30 â€“ 80 Â°C 1300 W, thermostatically adjustable\r\nTank: stainless steel AISI 304\r\nOutlet: ball valve, left side\r\nTank: stainless steel AISI 304\r\n\r\nTechnical data\r\nHF generator: overload protected, constant power\r\nOperating mode: double half-wave\r\nFrequency: 35 kHz automatic frequency control\r\nUltrasonic peak output: 1200 W\r\nHF power: 300 W\r\nRK 1028 H: 230 V â€“ 7,0 A; 115 V â€“ 14,0 A\r\nDimensions 50 Ã— 30 Ã— 20 cm',1,99,'ok, working',1,'RK 1028 H','2001-01-01','Sonorex Super RK 1028 H',NULL,'17.70','53.50','32.50','40.00','0.00',1,2,363,NULL,'2011-02-09','ultrasound-cleaner'),(283,'respiratory humidifier',756,0,154,1,62,18,NULL,NULL,'in process',1,99,'ok, working',1,'MR730','2001-01-01','',NULL,'3.00','0.00','0.00','0.00','0.00',1,2,284,NULL,'2011-02-09','respiratory-humidifier-10'),(284,'Warm Humifider SALUTA',200,0,154,1,62,32,NULL,NULL,'Der Dampfinhalator Saluta-Super vereinigt die therapeutische Wirksamkeit des alten ,,Bronchitiskesselâ€™â€™ mit\r\nmoderner GerÃ¤tetechnik. Saluta-Super kann zur reinen Dampfinhalation angewendet werden und garantiert\r\neine wirksame Therapie durch optimale FeuchtigkeitssÃ¤ttigung, physiologisch richtiger WÃ¤rme und\r\nbakterienfreiem Nebel fÃ¼r die oberen Atemwege. Dadurch wird jede Schleimhautreizung vermieden.',1,99,'ok, working',1,'SALUTA SUPER 19','1993-01-17','',NULL,'20.00','0.00','0.00','0.00','0.00',1,2,397,NULL,'2011-02-09','warm-humifider-saluta'),(285,'Defibrillator',1883,939,151,1,62,53,NULL,NULL,'The Physio Control Lifepak 9 Defibrillator includes high and low energy select, display annotating recorder that prints out time, date, leads, gain, and CODE SUMMARY critical event record.Designed for ease of maintenance with on-screen diagnostics for simple test and calibration.\r\nThe LifePak 9P includes pacing.\r\n\r\nThe Physio Control LifePak 9P comes with the following features:\r\nâ€¢ 3 Lead ECG Cable\r\nâ€¢ Pacing Cable\r\nâ€¢ Power Cord\r\nâ€¢ Printer\r\n\r\nWeight: 12.7 kg \r\nDimensions: 35.2cm x 29.7cm x 31cm',1,99,'ok, working',1,'LIFEPAK LP 9P','1998-03-24','',NULL,'13.70','29.70','31.00','35.20','0.00',1,2,311,NULL,'2011-02-09','defibrillator-2'),(286,'Microscope',200,42,156,1,62,52,NULL,NULL,'in process',1,99,'ok, working',1,'Standard 14','1984-07-01','',NULL,'0.00','0.00','0.00','0.00','0.00',1,2,281,NULL,'2011-02-10','microscope-1'),(287,'Microscope',200,37,156,1,62,52,NULL,NULL,'in process',1,99,'ok, working',1,'Standard 14','1984-07-01','',NULL,'0.00','0.00','0.00','0.00','0.00',1,2,355,NULL,'2011-02-10','microscope-2'),(288,'Polysomnographie System',693,0,159,1,62,500,NULL,NULL,'in process',1,99,'ok, working',1,'Smart Monitor 900S','2004-01-15','',NULL,'0.00','0.00','0.00','0.00','0.00',1,1,203,NULL,'2011-02-10','polysomnographie-system'),(290,'Puls-Oximeter',200,92,159,1,62,500,NULL,NULL,'The pulse oximeter is a non-invasive clinical monitor that measures the oxygen saturation of blood.',1,99,'very good',1,'OXI3','1992-04-28','',NULL,'0.00','0.00','0.00','0.00','0.00',1,2,264,NULL,'2011-02-18','puls-oximeter'),(291,'Puls-Oximeter',298,149,159,1,62,500,NULL,NULL,'The pulse oximeter is a non-invasive clinical monitor that measures the oxygen saturation of blood.',1,99,'very good',1,'OXI3','1994-05-31','',NULL,'0.00','0.00','0.00','0.00','0.00',1,2,292,NULL,'2011-02-18','puls-oximeter-1'),(292,'Puls-Oximeter',391,195,159,1,62,500,NULL,NULL,'The pulse oximeter is a non-invasive clinical monitor that measures the oxygen saturation of blood.',1,99,'very good',1,'OXI3','1995-05-22','',NULL,'0.00','0.00','0.00','0.00','0.00',1,2,334,NULL,'2011-02-18','puls-oximeter-2'),(293,'Syringe Pump',276,140,160,1,62,15,NULL,NULL,'The IVAC TIVA functions with a range of standard, single use, disposable luer-lock syringes of various types and accepts sizes from 5ml to 50ml\r\n\r\n-Two modes of operation\r\n-Simple to set up and easy to operate\r\n-Drug Protocols for anesthesia enviroment\r\n-Rate range from 0.1 to 1200ml/h\r\n-event logging records operatio of pump',1,99,'ok, working',1,'Ivac TIVA','1999-01-01','',NULL,'2.70','31.00','20.00','12.10','0.00',1,2,245,NULL,'2011-03-08','syringe-pump-4'),(294,'Syringe Pump',276,140,160,1,62,15,NULL,NULL,'The IVAC TIVA functions with a range of standard, single use, disposable luer-lock syringes of various types and accepts sizes from 5ml to 50ml\r\n\r\n-Two modes of operation\r\n-Simple to set up and easy to operate\r\n-Drug Protocols for anesthesia enviroment\r\n-Rate range from 0.1 to 1200ml/h\r\n-event logging records operatio of pump rom 5ml to 100ml',1,99,'ok, working',1,'Ivac TIVA','1998-01-01','',NULL,'2.70','31.00','20.00','12.10','0.00',1,2,323,NULL,'2011-03-08','syringe-pump-5'),(295,'Ultrasound System',0,0,161,1,62,500,NULL,NULL,'Ultrasound System Mindray DP6600\r\n\r\nImaging mode: B, B+B, B+M, M\r\nGrey scale: 256\r\nDisplay 10\" non interlaced\r\nTransducer frequency 2.0~10MHz\r\nTransducer connector 2\r\nScanning angle: from 40 to 120 degree (depends on transducers)\r\nScanning deep from 21.6 to 248mm\r\nPre processing: dinamic range, frame correlation, edge enhancement, smooth, line correlation, AGC,6 segment TGC adjustment, Image Process\r\nPost processing: gray map, y correction, rejection, left-right reverse, up-down-reverse.\r\nCine loop 256-frame cine loop memory\r\nStorage media: internal flash & ext USB\r\nPeripheralports: 2x video output, 2x usb DICOM3.0 1 (optional) \r\nDimensions: 26.5 x 41 x 33cm\r\nWeight 10Kg',2,101,'new',6,'DP6600','2010-11-01','Prospecto DP6600 (EN)',NULL,'11.00','38.50','28.60','30.60','0.00',1,2,406,NULL,'2011-03-09','ultrasound-system'),(297,'Autoclave',0,0,163,1,62,50,NULL,NULL,'Service log book',1,99,'very good',1,'AS6 6-6-6 Ecomatic','1995-01-01','Schaerer Autoclave - MedTechTrade.pdf',NULL,'0.00','0.00','0.00','0.00','0.00',1,2,478,NULL,'2011-03-18','autoclave'),(298,'Autoclave',0,0,163,1,62,50,NULL,NULL,'Service log book\r\nHeating power 30kW\r\nPrinter\r\nUser manual DE',1,99,'very good',1,'AS6 3-3-6 Ecomatic','1995-01-01','',NULL,'0.00','0.00','0.00','0.00','0.00',1,2,430,NULL,'2011-03-18','autoclave-1'),(300,'Blood Pressure Monitor 24h',386,200,159,1,62,16,NULL,NULL,'with one cuff, Size: for adults\r\n\r\nThe device is with auscultatory measuring Method',1,99,'OK, working',1,'BR-102','1994-01-01','',NULL,'0.31','12.00','7.10','2.10','12.00',1,2,274,NULL,'2011-05-04','blood-pressure-monitor-24h-1'),(301,'Blood Pressure Monitor 24h',1245,700,159,1,62,16,NULL,NULL,'with one cuff, Size: for adults\r\n\r\nThe device is with auscultatory measuring Method',1,99,'OK, working',1,'BR-102','2007-11-01','',NULL,'0.31','12.00','7.10','2.10','12.00',1,2,289,NULL,'2011-05-04','blood-pressure-monitor-24h-2'),(302,'Ultrasound System',13015,8832,161,1,62,500,NULL,NULL,'M5\r\nDiagnostic Ultrasound System\r\n\r\nImagingÂ modesÂ \r\nâ€¢ B mode\r\nâ€¢ M mode\r\nâ€¢ CDFI (Color Doppler Flow Imaging, Color)\r\nâ€¢ Power (Power Doppler Flow Imaging, including DirPower, directional power\r\nDoppler)\r\nâ€¢ Pulse Wave Doppler (PW)\r\nâ€¢ Continuous Wave Doppler (CW, option)*\r\n\r\nSpecialÂ imagingÂ features\r\nâ€¢ Tissue harmonic imaging\r\nâ€¢ Steer scanning for linear transducers (B, color/power, PW independent)\r\nâ€¢ Trapezoid imaging for linear transducers\r\nâ€¢ HPRF for PW\r\nâ€¢ Multi-frequency in both 2D and Doppler imaging\r\n\r\nCaracteristics\r\nâ€¢ Soft keys for rapid and convenient control\r\nâ€¢ Diagonal dimension: 15 inch\r\nâ€¢ Resolution: 1024X768\r\nâ€¢ Exchangeable li-ion batteries: 11.1VDC, 4500mAh\r\nâ€¢ Continuous scanning for more than 1h (normal condition\r\nâ€¢ Weight (main unit, without battery): less than 6 kg\r\n\r\nApplication:Â Abdomen, Cardiology, Gynecology, Obstetrics, Urology, Small Part, Pediatrics, Musculoskeletal, Orthopaedics, Intraoperative, Peripheral Vascular, Transcranial Doppler\r\n\r\nTranducers ModelsÂ (NOT included)\r\nâ€¢ Convex array transducer 3C5s (2.5/3.5/5.0/T5.0/T6.0MHz)\r\nâ€¢ Linear array transducer 7L4s (5.0/7.5/10.0MHz)\r\nâ€¢ Linear array transducer 10L4s (8.0/10.0/12.0MHz)\r\nâ€¢ Linear array transducer 7L6s (5.0/7.5/10.0MHz)\r\nâ€¢ Biplanar transducer 6LB7s (5.0/6.5/8.0MHz)\r\nâ€¢ Convex array transducer 6CV1s (5.0/6.5/8.0MHz)\r\nâ€¢ Endorectal array transducer 6LE7s (5.0/6.5/8.0MHz)\r\nâ€¢ Convex array transducer 6C1s (5.0/6.5/8.0MHz)',5,101,'new',1,'M5','2010-01-01','Mindray-M5-DataSheet.pdf',NULL,'6.00','35.70','36.10','7.50','0.00',1,2,341,NULL,'2011-05-12','ultrasound-system-1'),(303,'Anesthesia machine',4063,2500,154,1,62,500,NULL,NULL,'anesthesia machine with integrated anesthetic ventilator.\r\nmonitor anesthetic gas \r\nO2 measurement',1,99,'good',1,'Sinus MAV 3','2004-01-01','',NULL,'0.00','0.00','0.00','0.00','0.00',1,1,279,NULL,'2011-05-19','anesthesia-machine'),(305,'Computed tomograph',253781,235000,168,1,62,500,NULL,NULL,'Scanner has 3 Consoles. One for Acquisition, one Anet & one Vitrea.,Mainconsole : Windows.,Number of slices on Gantry 1.266.279. 15223684 Revolutions.,X-ray tube model 7.5 MHU.Replaced by new one august 2008.,Number of slices on X-ray tube:482.715.,Software release level : V5,Options included on Vitrea workstation.,Cardiac incl ECG, Colon, Lung, Cardio 2, vessel probe, adv lung, CFA,CACS.,Options included on CT:Alato Dental.CBP. DIM EXP. D PRT BW. D PRT Color. EHCT SCU. PLaquview. Print SCU. DQ scan. QP SCP. QP SCU. Realec.Real Prep. Real View. Registool. Scan64Row. Strage SCP.Innervision.\r\nOptions inclued on Anet Workstation:Fluoroscopy.Orbit Sync. Scan64 Row. MWM.Cardiac.,Hardware info:All monitors are 18 \" Flatscreen.Video Distribution. Proxi TV Monitor ( small one).Trolley for TV monitor.Fluoro Paddle.UPS = 10 KVA. ECG Life Pulse HME.System had full maintenance contract OEM.System is in excellent good status.Gantry and couch are completely repainted.System has been deinstalled recently by Toshiba authorized technician.System is immediately available.',5,23,'very good',1,'Aquillion 64 slice','2005-01-01','Prospect - Aquilion 64 - from Toshiba.pdf',NULL,'0.00','0.00','0.00','0.00','0.00',1,2,240,NULL,'2011-06-21','computed-tomograph'),(306,'Mammography system',62134,49000,168,1,62,19,NULL,NULL,'â€¢ Tungsten technology: high image quality at a\r\nreduced dose by up to 50 %\r\nâ€¢ Direct-to-digital technology: FFDM amorphous\r\nselenium detector with excellent absorption rate,\r\nresolution, and DQE (Detective Quantum\r\nEfficiency)\r\nâ€¢ Advanced image processing: for better\r\nvisualization of breast borders as well as structures\r\nin dense tissue\r\nâ€¢ Large format detector: 24 cm x 29 cm\r\n\r\nâ€¢ Full DICOM capabilities\r\nâ€¢ Dedicated Acquisition Workstation (AWS)\r\nâ€¢ Digital screening and diagnostics\r\nâ€¢ Digital and geometrical magnification\r\nâ€¢ Digital spot imaging\r\nâ€¢ Digital needle localization\r\nâ€¢ Digital galactopgrahy',5,24,'very good',1,'Novation DR','2006-01-01','Picture for reference only',NULL,'0.00','0.00','0.00','0.00','0.00',1,2,219,NULL,'2011-06-21','mammography-system'),(307,'Bone Densitometer',17160,9500,168,1,62,500,NULL,NULL,'Manual in DE, EN available\r\n\r\nCalibration: automatic',2,19,'never used',1,'MetriScan Dual Energy','2009-01-01','',NULL,'19.00','40.60','40.60','40.60','0.00',1,2,282,NULL,'2011-06-30','bone-densitometer'),(308,'Defibrillator Automated',2100,1400,151,1,62,500,NULL,NULL,'Full automatic Defibrillator Lifepak CR Plus, as new, Refurbished 2010, Manual available',5,24,'major parts replacement',1,'LIFEPAK CR Plus ADAPTIV Biphasic','2004-01-01','',NULL,'2.60','25.00','20.00','10.00','0.00',1,2,262,NULL,'2011-06-30','defibrillator-automated'),(310,'Anesthesia Machine',44412,27500,154,1,62,500,NULL,NULL,'Complete System\r\nnearly new narcosis and respiratoins-unit',5,24,'good',1,'Pallas','2007-01-01','',NULL,'120.00','137.00','80.00','80.00','0.00',1,2,300,NULL,'2011-06-30','anesthesia-machine-1'),(311,'Ultrasound System',66282,53500,161,1,62,500,NULL,NULL,'Ultrasound System Philips\r\niU22 High-End, Women\'s Healthcare\r\n\r\nSoftware: Vision 2011\r\nApplication: Perinatology Package (OB/GYN, Small Parts)\r\n20â€ Flat Panel Monitor\r\n\r\nSonoCT Real-Time Compounding\r\nXRes Adaptive Image processing, iScan Intelligent One-Button Optimization, iFocus Intelligent Focusing, iOptimize Intelligent, Optimization, High-Q Automativ Doppler, Analysis, Color Power, Angio, Tissue, armonic\r\nPulse Inversion Harmonic, 2D, M-Mode, Pulsed, HPRF, Color Flow Doppler, Cineloop, Elastography, \r\n\r\nTransducers:\r\nPhilips C5-2 Curved Array ,transducer,New\r\nPhilips L12-5 Linear Array Transducer,New\r\nPhilips C8-4v Endo-Vaginal Transducer,New\r\nDelivery in 2-4 weeks\r\n\r\n*Picture for reference only',5,500,'Very good',1,'IU22','2011-01-01','',NULL,'0.00','0.00','0.00','0.00','0.00',1,2,158,NULL,'2011-07-06','ultrasound-system-2'),(314,'Ultrasound System',40732,31250,161,1,62,500,NULL,NULL,'Ultrasound System Antares Premium Acuson\r\n											\r\nOptions included: OS antares (German)\r\nAcuson Antares SW.Foursight View tool\r\n3 shape real time 3 D imaging\r\n\r\nTransducers:\r\n1 x CH6-2 Curved array transducer\r\n1 x VFX13-5 Sector array transducer\r\n1 x EC9-4 Endocavity array\r\n1 x SG 4 needle Guide kit\r\n\r\nRecording systems:\r\n1 x Mitsubishi P 93DW-s/w\r\n1 x Sony UPD23MD color\r\n\r\nSystem is in very good status and immediately available\r\n\r\n*Picture for reference only',5,500,'Very good',1,'Antares Premium','2007-01-01','',NULL,'0.00','0.00','0.00','0.00','0.00',1,2,178,NULL,'2011-07-06','ultrasound-system-3'),(315,'Mammography system',54115,42750,168,1,62,19,NULL,NULL,'Mammography system Novation DR Siemens\r\n			\r\nBucky 18 x 24 & 24 x 30 cm \r\n24 x 30 Hologic selenium detector and DR with 18 x 24 detector for biopsy.\r\nSoftware release: latest possible (recently upgraded).\r\nOptions included: Biopsy module.\r\nAquisition station with leadglass.\r\nDetector & X-ray tube are one year old.( number of patient examinations per year: 4.000.)\r\nSystem has full maintenance contract OEM.\r\nSystem is in good status.\r\nSystem is still in use.\r\n\r\n*Picture for reference only',5,23,'good',1,'Novation DR','2004-01-01','',NULL,'0.00','0.00','0.00','0.00','0.00',1,2,173,NULL,'2011-07-06','mammography-system-1'),(317,'Mammography system',83400,69500,168,1,62,17,NULL,NULL,'Mammography system Senograph DS GE Healthcare\r\n\r\nSystem still in use\r\nIt is complete system including AWS and RWS workstations.\r\nCAD is included.\r\n\r\nSystem has full maintenance contract of OEM.\r\nSystem is still in use.\r\n\r\n*Picture for reference only',5,11,'good',1,'Senograph DS','2005-01-01','',NULL,'0.00','0.00','0.00','0.00','0.00',1,2,185,NULL,'2011-07-06','mammography-system-2'),(318,'Mammography system',26940,22450,168,1,62,19,NULL,NULL,'Mobile mammography trailer CSC 11.5 metre trailer (manufactured 2003).\r\n\r\nSiemens Mammomat 3000 Nova analogue mammography system\r\nYear of manufacture 2002\r\n18x24 and 24x30 rotating,buckies\r\n2 foot switches,\r\n2 compression paddles\r\nX-ray generator/control panel with lead glass screen\r\nKodak Miniloader 2000\r\nKodak Network ID camera\r\nSystem is still in use and immediately available',5,500,'Good',1,'Mammomat 3000 Nova','2003-01-01','',NULL,'0.00','0.00','0.00','0.00','0.00',1,2,187,NULL,'2011-07-06','mammography-system-3'),(319,'Mammography system',18130,12950,168,1,62,17,NULL,NULL,'Mammography System Senograph DMR+ GE Healthcare \r\nAccessories: \r\nLeadglass\r\nCompression paddle\r\nStereotactic device model Stereotix 2 S/n 382915BU7 from September 2003\r\nDataflash S/n, 9635VE4 from September 2003.\r\nAgfa Compact E.O.S. S/n 5120/400 daylight developing processor from September 2003.\r\nAgfa Chemix mix device S/n 5280/100 from September 2003.\r\nSystem had full maintenance contract OEM\r\n\r\n*Picture for reference only',5,500,'very good',1,'Senograph DMR +','2003-01-01','',NULL,'0.00','0.00','0.00','0.00','0.00',1,2,196,NULL,'2011-07-07','mammography-system-4'),(320,'Bone Densitometer',13408,9250,168,1,62,500,NULL,NULL,'Bone Densitometer, Dual Energy\r\nQDR-4500C ELITE	Hologic\r\nCompact table version 200 cm.\r\nSoftware: Spine,Femur & fore-arm.\r\nIncluding computer and printer.\r\nSystem has full maintenance contract Hologic subsidiary.\r\nSystem is in excellent status.\r\nSystem has been deinstalled by authorized technician.\r\nSystem is immediately available.\r\n\r\n*Picture for reference only',5,23,'very good',1,'QDR-4500C ELITE','2003-01-01','',NULL,'0.00','0.00','0.00','0.00','0.00',1,2,176,NULL,'2011-07-07','bone-densitometer-1'),(321,'Ultrasound system',8666,5750,161,1,62,17,NULL,NULL,'Ultrasound system Vivid 5 GE Healthcare\r\n\r\nInstalled October 2001\r\nSoftware revision level 204\r\nOptions included:Masic,Anatomical M Mode,TVI,Compound imaging,Inter operative support,Tissue tracking,LV contrast.\r\n\r\nMainframe Including: \r\n1 x ECG Cables\r\n1 x Pedoff transducer 2Mhz\r\n1 x FPA 1 C 2,5 Mhx transducer \r\n1 x VCR model SV 09500MDP\r\n1 x Sony color printer. ( Front cover is missing). \r\nNote:System accepts Multiplane TEE transducer MPTE\r\nSystem had full maintenance contract OEM\r\nSystem is in good condition. Checked and Tuned by GE Subsidiary.\r\n\r\n*Picture for reference only',5,19,'Good',1,'Vivid 5','2001-01-01','',NULL,'0.00','0.00','0.00','0.00','0.00',1,2,142,NULL,'2011-07-07','ultrasound-system-4'),(322,'X ray digital',68400,57000,168,1,62,19,NULL,NULL,'X ray digital system Axiom Multis MP	Siemens\r\n								\"\r\nPolydoros IT generator.\r\nIncluding Full digital Canon DR system.\r\nPatient table.\r\nTomography.\r\nDetector tray.\r\nWorkstation.\r\nDicom.\r\nVertix MT wall Bucky.\r\nX-ray tube is: Optilix 150/30/50 HC 100.\r\nThe Canon CXDI system has:\r\nPortable flat Panel detector.\r\n35 x 43 cm imaging area.\r\n160 Micron pixed pitch.\r\nDetachable grid.\r\nX-ray In just a few seconds.\r\nUser friendly touch screen operation.\r\n\r\n*Picture for reference only',5,500,'very good',1,'Axiom Multis MP','2006-01-01','',NULL,'0.00','0.00','0.00','0.00','0.00',1,2,208,NULL,'2011-07-07','x-ray-digital'),(323,'Ultrasound system',5775,3850,161,1,62,500,NULL,NULL,'Sonos 5500 Ultrasound System HP\r\n\r\nSoftware rev B 24 \r\nMainframe s/n 3728A1419. DOM 1998 \r\nS 3 transducer \r\nPedoff transducer \r\nECG cable \r\nB/w printer UP 890\r\nVHS panasonic MD 830 \r\n220 Volt/50 Hz\r\nvideo Pal system\r\n\r\n*Picture for reference only',5,500,'good',1,'Sonos 5500 HP','1998-01-01','',NULL,'0.00','0.00','0.00','0.00','0.00',1,2,174,NULL,'2011-07-07','ultrasound-system-5'),(324,'Ultrasound System',37463,28500,161,1,62,500,NULL,NULL,'Ultrasound System HD11XE WHC Philips\r\n\r\nOB/GYN with 4D Imaging\r\n2 Transducers (1x 3D, 1x 2D)\r\n\r\nHigh-definition imaging \r\n\r\nReady to expand with your clinical needs, the HD11 XE is a complete, digital imaging system that delivers high-definition imaging and ease-of-use in a compact, ergonomic and reliable package.\r\n\r\nIn this full-featured performer, Philips has combined broadband beamforming, automated image optimization tools, and clinically proven technologies.\r\n\r\nThe HD11 XE is ideal for pubUltrasound System HD11XE WHC Philips\r\n\r\nOB/GYN with 4D Imaging\r\n2 Transducers (1x 3D, 1x 2D)\r\n\r\nHigh-definition imaging \r\n\r\nReady to expand with your clinical needs, the HD11 XE is a complete, digital imaging system that delivers high-definition imaging and ease-of-use in a compact, ergonomic and reliable package.\r\n\r\nIn this full-featured performer, Philips has combined broadband beamforming, automated image optimization tools, and clinically proven technologies.\r\n\r\nThe HD11 XE is ideal for public and private hospitals, satellite clinics or specialized practices.\r\n\r\nFull cardiac and stress echo capability\r\nThe HD11 XE has the versatility to expand into a complete, digital cardiovascular imaging system for further clinical utility and value.\r\n\r\nYou can also add powerful options like QLAB advanced quantification, stress echo, contrast imaging and transesophageal echo to further enhance your cardiovascular imaging capabilities.\r\n\r\nStandard advanced features\r\nSonoCT\r\nXRES\r\n2D with Pulse Inversion Harmonic Imaging\r\n3D imaging\r\nAdaptive Color Doppler\r\nPulsed wave and continuous wave Doppler\r\nDICOM Networking option\r\n\r\n*Picture for reference only',5,24,'very good',1,'HD11XE WHC','2008-01-01','',NULL,'0.00','0.00','0.00','0.00','0.00',1,2,163,NULL,'2011-07-08','ultrasound-system-6'),(325,'Ultrasound System',50375,39500,161,1,62,500,NULL,NULL,'Ultrasound System HD15 Philips\r\n\r\nNext generation architecture with new high resolution A/D technology, 4 times parallel processing and Microfine EX focusing\r\nVolume imaging for 3D/4D analysis\r\nSonoCT real-time compound imaging\r\nAdvanced XRES adaptive image processing\r\nHighly-sensitive contrast enhanced ultrasound\r\nPureWave crystal technology for clearer imaging on a wider variety of patients\r\nTissue Specific Imaging presets and one-button iSCAN optimization in 2D, Doppler and color modes\r\nActive native data lets you manipulate exam parameters and image settings after the patient has left\r\nLive compare allows you to bring up a previous image and place it beside your active exam\r\n\r\nOB/GYN System with 4D Imaging\r\nV6-2 Volume Transducer\r\nEndocavity Transducer\r\n\r\n*Picture for reference only',5,24,'very good',1,'HD15','2009-01-01','',NULL,'0.00','0.00','0.00','0.00','0.00',1,2,172,NULL,'2011-07-11','ultrasound-system-7'),(326,'Ultrasound System',15585,10900,161,1,62,500,NULL,NULL,'Ultrasound System HD3  Philips		\r\n\r\nColor Doppler System\r\nImage Management\r\nb/w videoprinter Sony UP-897MD\r\nConvex C5-2 Transducer\r\nL9-5 Linear Transducer (or C9-4ec Endocavity)\r\n\r\n*Picture for reference only',5,24,'very good',1,'HD3','2010-01-01','',NULL,'0.00','0.00','0.00','0.00','0.00',1,2,170,NULL,'2011-07-11','ultrasound-system-8'),(327,'Ultrasound System',37463,28500,161,1,62,500,NULL,NULL,'Ultrasound System  Philips\r\n														\r\nOB/GYN System with 4D Imaging\r\nTransducers: \r\nV7-3 Volume\r\nL12-5 Small Parts\r\nC8-4v Endovaginal\r\n\r\nb/w videoprinter Sony UPD-897MD\r\n\r\n*Picture for reference only',5,24,'very good',1,'HD9','2009-01-01','',NULL,'0.00','0.00','0.00','0.00','0.00',1,2,176,NULL,'2011-07-11','ultrasound-system-9'),(328,'Ultrasound System',3493,2150,169,1,62,500,NULL,NULL,'Ultrasound System DP2200Plus Mindray\r\n\r\nincl. 75L38EB Linear Transducer\r\n\r\n. Image modes: B, M, B/B, M/B\r\n. 10\" non-interlaced monitor\r\n. Wide applications: abdomen, urology, GYN, OB, small parts, and orthopedics\r\n. One USB port and optional DICOM\r\n. Triple-frequency transducer series, Highest frequency up to 10MHz \r\n. One transducer connector\r\n. 128-frame CINE loop\r\n. 90-frame image storage\r\n\r\nSupported video printers:\r\nSONY UP-895MD, SONY UP-897MD, MITSUBISHI P93W\r\n\r\nSupported printers:(USB port)\r\nHP DeskJet 5652/5650/3820/1280, Business Inkjet 1200,HP LaserJet2420d, HP DeskJet6548 \r\n\r\nVoltage: 100-240V~\r\nWeight (excluding optional parts): approx. 9.6 kg\r\n\r\n*Picture for reference only',5,24,'new',1,'DP2200Plus','2010-01-01','DP2200_brochure.pdf',NULL,'9.60','0.00','0.00','0.00','0.00',1,2,203,NULL,'2011-07-11','ultrasound-system-10'),(329,'Ultrasound System',4607,2900,169,1,62,500,NULL,NULL,'Ultrasound System DP6600 Mindray\r\nincl.one Transducer (Convex or Linear)\r\n\r\nImaging mode: B, B+B, B+M, M\r\nGrey scale: 256\r\nDisplay 10\" non interlaced\r\nTransducer frequency 2.0~10MHz\r\nTransducer connector 2\r\nScanning angle: from 40 to 120 degree (depends on transducers)\r\nScanning deep from 21.6 to 248mm\r\nPre processing: dinamic range, frame correlation, edge enhancement, smooth, line correlation, AGC,6 segment TGC adjustment, Image Process\r\nPost processing: gray map, y correction, rejection, left-right reverse, up-down-reverse.\r\nCine loop 256-frame cine loop memory\r\nStorage media: internal flash & ext USB\r\nPeripheralports: 2x video output, 2x usb DICOM3.0 1 (optional) \r\n\r\n*Pictures for reference only',5,24,'as new',1,'DP6600','2010-01-01','MindRay-DP-6600-Brochure.pdf',NULL,'10.00','41.00','26.50','33.00','0.00',1,2,231,NULL,'2011-07-11','ultrasound-system-11'),(330,'Ultrasound System',4900,3100,169,1,62,500,NULL,NULL,'Ultrasound System DP 6600 Mindray\r\nincl. Endovaginal Transducer 65C10EA\r\n\r\nImaging mode: B, B+B, B+M, M\r\nGrey scale: 256\r\nDisplay 10\" non interlaced\r\nTransducer frequency 2.0~10MHz\r\nTransducer connector 2\r\nScanning angle: from 40 to 120 degree (depends on transducers)\r\nScanning deep from 21.6 to 248mm\r\nPre processing: dinamic range, frame correlation, edge enhancement, smooth, line correlation, AGC,6 segment TGC adjustment, Image Process\r\nPost processing: gray map, y correction, rejection, left-right reverse, up-down-reverse.\r\nCine loop 256-frame cine loop memory\r\nStorage media: internal flash & ext USB\r\nPeripheralports: 2x video output, 2x usb DICOM3.0 1 (optional) \r\n\r\n*Pictures for reference only',5,24,'new',1,'DP 6600','2010-01-01','MindRay-DP-6600-Brochure.pdf',NULL,'10.00','41.00','26.50','33.00','0.00',1,2,245,NULL,'2011-07-11','ultrasound-system-12'),(331,'Ultrasound System',4607,2900,161,1,62,500,NULL,NULL,'Ultrasound System DP6600 Vet Mindray\r\n\r\nincl. MicroConvex Transducer 65C15EA\r\n\r\n*Picture for reference only',5,24,'as new',1,'DP6600 Vet','2008-01-01','',NULL,'0.00','0.00','0.00','0.00','0.00',1,2,174,NULL,'2011-07-11','ultrasound-system-13'),(332,'Ultrasound System',8871,5900,169,1,62,500,NULL,NULL,'Ultrasound System DP9900Plus Mindray\r\n\r\nincl. 35C50HA Convex Transducer \r\n75L60HB Linear Transducer\r\nTFT Monitor\r\n\r\n. Wide clinical applications: abdomen, urology, gynecology, obstetrics, small parts,\r\ncardiology, orthopedics and interventions\r\n. Advanced digital imaging technologies: excellent image quality with high resolution\r\nand good penetration\r\n. IP (Image Processing) function: fast image adjustment\r\n. THI (Tissue Harmonic Imaging)\r\n. TSI (Tissue Specific Imaging)\r\n. Highest frequency up to 10MHz\r\n. Transducer technology: high density, wide band and multi-frequency transducer\r\nseries\r\n. 256-frame cine loop in B, B/B, M and B/M modes\r\n. Built-in patient information management system\r\n. 320G hard disk\r\n. Two USB ports and DVD \r\n\r\n*Picture for reference only',5,24,'as new',1,'DP9900Plus','2010-01-01','',NULL,'0.00','0.00','0.00','0.00','0.00',1,2,263,NULL,'2011-07-11','ultrasound-system-14'),(333,'Ultrasound System',14270,9900,169,1,62,500,NULL,NULL,'M5 Diagnostic Ultrasound System\r\nincl. 1  Transducer\r\n\r\nImagingÂ modesÂ \r\nâ€¢ B mode\r\nâ€¢ M mode\r\nâ€¢ CDFI (Color Doppler Flow Imaging, Color)\r\nâ€¢ Power (Power Doppler Flow Imaging, including DirPower, directional power\r\nDoppler)\r\nâ€¢ Pulse Wave Doppler (PW)\r\nâ€¢ Continuous Wave Doppler (CW, option)*\r\n\r\nSpecialÂ imagingÂ features\r\nâ€¢ Tissue harmonic imaging\r\nâ€¢ Steer scanning for linear transducers (B, color/power, PW independent)\r\nâ€¢ Trapezoid imaging for linear transducers\r\nâ€¢ HPRF for PW\r\nâ€¢ Multi-frequency in both 2D and Doppler imaging\r\n\r\nCaracteristics\r\nâ€¢ Soft keys for rapid and convenient control\r\nâ€¢ Diagonal dimension: 15 inch\r\nâ€¢ Resolution: 1024X768\r\nâ€¢ Exchangeable li-ion batteries: 11.1VDC, 4500mAh\r\nâ€¢ Continuous scanning for more than 1h (normal condition\r\nâ€¢ Weight (main unit, without battery): less than 6 kg\r\n\r\nApplication:Â Abdomen, Cardiology, Gynecology, Obstetrics, Urology, Small Part, Pediatrics, Musculoskeletal, Orthopaedics, Intraoperative, Peripheral Vascular, Transcranial Doppler\r\n\r\nTranducers ModelsÂ (NOT included)\r\nâ€¢ Convex array transducer 3C5s (2.5/3.5/5.0/T5.0/T6.0MHz)\r\nâ€¢ Linear array transducer 7L4s (5.0/7.5/10.0MHz)\r\nâ€¢ Linear array transducer 10L4s (8.0/10.0/12.0MHz)\r\nâ€¢ Linear array transducer 7L6s (5.0/7.5/10.0MHz)\r\nâ€¢ Biplanar transducer 6LB7s (5.0/6.5/8.0MHz)\r\nâ€¢ Convex array transducer 6CV1s (5.0/6.5/8.0MHz)\r\nâ€¢ Endorectal array transducer 6LE7s (5.0/6.5/8.0MHz)\r\nâ€¢ Convex array transducer 6C1s (5.0/6.5/8.0MHz)',5,24,'as new',1,'M5','2010-01-01','M5 Brochure.pdf',NULL,'0.00','0.00','0.00','0.00','0.00',1,2,262,NULL,'2011-07-11','ultrasound-system-15'),(334,'Mammography system',73510,60000,168,1,62,17,NULL,NULL,'Mammography system Senographe DS GE\r\n\r\nIncluding Review workstation\r\nAdvantage Workstation \r\n2 pcs.\r\n5 MP monitors\r\nComplete digital system \r\nin good working condition.\r\n\r\n*Picture for reference only',5,12,'good',1,'Senographe DS','2006-01-01','',NULL,'0.00','0.00','0.00','0.00','0.00',1,2,202,NULL,'2011-07-11','mammography-system-5'),(336,'Mammography system',23111,16770,168,1,62,17,NULL,NULL,'Analog Mammography system Senograph DMR Plus GE\r\n\r\nâ€¢ Manufactured 2004 \r\nâ€¢ 18x24, 24x30 Dual Buckys \r\nâ€¢ Original Tube \r\nâ€¢ Lead Glass Shield \r\nâ€¢ Compression \r\nâ€¢ Spot Compression \r\nâ€¢ Magnification \r\nâ€¢ Face Shield \r\nâ€¢ Data Flash ID \r\nâ€¢ Available immediately \r\n\r\nOptional: \r\nâ€¢ GE Senovision \r\nâ€¢ Workstation with monitor\r\n\r\n*Picture for reference only',5,24,'good',1,'Senograph DMR Plus','2004-01-01','',NULL,'0.00','0.00','0.00','0.00','0.00',1,2,233,NULL,'2011-07-11','mammography-system-6'),(337,'Mammography system',11884,8000,168,1,62,17,NULL,NULL,'Mammography system Senographe 800T GE Healthcare\r\n\r\nComplete unit including 18x24 and 24x30 buckies\r\nLead glass shield\r\ncompression paddles\r\nmagnification, \r\nManuals in English\r\nID Camera',5,12,'working',1,'Senographe 800T','2004-01-01','',NULL,'0.00','0.00','0.00','0.00','0.00',1,2,245,NULL,'2011-07-11','mammography-system-7'),(338,'Mammography system',9000,6000,168,1,62,17,NULL,NULL,'Mammography system Senographe DMR GE Healthcare\r\n\r\nComplete unit including 18x24 & 24x30 bucky package\r\nLead glass shield\r\nSeveral paddles\r\nMagnification\r\nSenovision digital stereotaxy from 2003\r\nManual available\r\nTube from 2005\r\n\r\n*Picture for reference only',5,19,'good',1,'Senographe DMR','1997-01-01','',NULL,'0.00','0.00','0.00','0.00','0.00',1,2,258,NULL,'2011-07-11','mammography-system-8'),(339,'Ultrasound System',0,0,161,1,62,500,NULL,NULL,'Ultrasound System SSD 3500 Aloca\r\n\r\nSoftware Radiology general use\r\n1 x UST. 987. 7,5 MHz Convex transducer for skull examinations ( children)\r\n1 x UST 5546. 10 MHz Lineair array transducer\r\n\r\n*Picture for reference only',1,11,'good',1,'SSD 3500','2004-01-01','',NULL,'0.00','0.00','0.00','0.00','0.00',1,1,83,NULL,'2011-07-12','ultrasound-system-16'),(340,'Ultrasound System',0,0,161,1,62,500,NULL,NULL,'Ultrasound System SSD 1700 Aloca\r\n\r\nSoftware Radiology general use.\r\n1 x UST .979. 3,5 MHz Convex tr \r\n1 x UST.5524. 7,5 MHz Lineair transducer.\r\n\r\n*Picture for reference only',1,500,'good',1,'SSD 1700','1997-01-01','',NULL,'0.00','0.00','0.00','0.00','0.00',1,2,243,NULL,'2011-07-12','ultrasound-system-17'),(342,'Ultrasound System',0,0,161,1,62,500,NULL,NULL,'Ultrasound System MyLab 25 Gold ESAOTE\r\n\r\nConfiguration: Xview, Mview General imaging, CFM, Doppler\r\nCA431 Convex Transducer\r\nAll Software Upgrades and Transducers can be added. (cardiac, OB/GYN, Vascular), CHOOSE YOUR desired configuration!!\r\n\r\n*Picture for reference only',1,24,'excellent',1,'MyLab 25 Gold','2009-01-01','',NULL,'0.00','0.00','0.00','0.00','0.00',1,2,261,NULL,'2011-07-20','ultrasound-system-18'),(343,'Ultrasound System',82868,68500,161,1,62,500,NULL,NULL,'Ultrasound System IE 33 Vision Philips\r\n\r\nSystem has been manufactured in 2008\r\nTransducers included:\r\n1 x X3-1 Phased Array.\r\n1 x S5-1 Phased Array.\r\nL11-3 Linear Array.\r\nC5-1 Curved Array.\r\n \r\nDVD-writer\r\nFootswitch\r\nNetlink/Dicom 3.0.Xstream\r\nHardware revision F( F 1).\r\n\r\nSoftwareincludes:\r\nCardiac/vascular,Performance Package,Contrast Imaging,Live 3 D Software,2 DQ Advanced Performance Package,Extended 3 DQ Package,Panoramic imaging,,Triplex,I focus,I scan,Ioptimize, Advanced Xres,Sono CT\r\nSoftware release level.Vision 2009.\r\n\r\nSystem is CE Certificated incl CE Tag. \r\nSystem has been only used for a couple of demonstrations\r\n\r\n*Picture for reference only',5,24,'as new',1,'IE 33 Vision','2008-01-01','',NULL,'0.00','0.00','0.00','0.00','0.00',1,2,158,NULL,'2011-07-20','ultrasound-system-19'),(344,'Ultrasound System',31446,23500,161,1,62,17,NULL,NULL,'Ultrasound System Vivid I Eco GE Healthcare\r\n\r\nmanufacturing year 2009\r\nMainframe including cart\r\n1 x Sector transducer Model  3RS\r\n1 x linear transducer model 8LRS\r\n1 x Printer.\r\nSoftware release level BT 09 6.2.\r\nIncluding Tee, Vascular, Cardiac applications \r\nIncluding Echopack\r\n\r\n*Picture for reference only',5,24,'excellent',1,'Vivid I Eco','2009-01-01','',NULL,'0.00','0.00','0.00','0.00','0.00',1,2,157,NULL,'2011-07-20','ultrasound-system-20'),(346,'Ultrasound System',65748,53000,161,1,62,17,NULL,NULL,'Ultrasound System Voluson E8 BT 08 GE Healthcare\r\n\r\nManufacturing date 07-2008\r\nRefurbished 2011\r\nSoftware BT09 Rev 7.06.1962\r\nIncluding 4D.Vocal.VCi.TUI.BT.SRI.CRI.Dicom.Sonoavic\r\n1 x Endo transducer RIC 6-12\r\n1 x Volumetric transducer .RAB 4-8D\r\n1 x Convex transducer 4 C- D',5,23,'good',1,'Voluson E8 BT 08','2008-07-01','',NULL,'0.00','0.00','0.00','0.00','0.00',1,2,148,NULL,'2011-07-21','ultrasound-system-21'),(347,'Microscope',407,203,156,1,62,52,NULL,NULL,'Axioskop: Routine microscope for transmitted light and incident-light fluorescence\r\n\r\n*Picture for reference only',1,99,'good',1,'Axioscop 20','1990-06-01','',NULL,'0.00','0.00','0.00','0.00','0.00',1,2,162,NULL,'2011-07-21','microscope-3'),(348,'Respiratory Humidifier',1740,0,154,1,62,500,NULL,NULL,'Respiratory Humidifier\r\n\r\n*Picture for reference only',1,99,'ok',2,'SonoDrop 2 plus','2009-10-20','',NULL,'0.00','0.00','0.00','0.00','0.00',1,2,165,NULL,'2011-07-21','respiratory-humidifier-11'),(349,'Videoprinter',2141,1014,157,1,62,12,NULL,NULL,'Video printer UP-990MD Sony\r\n\r\n*Picture for reference only',1,99,'Ok',1,'UP-990MD','2006-01-01','',NULL,'8.00','31.60','30.50','13.30','0.00',1,2,171,NULL,'2011-07-21','videoprinter-14'),(350,'Needle pump perfusor',379,189,160,1,62,14,NULL,NULL,'Perfusor Compact Bbraun\r\n\r\n*Picture for reference only',1,99,'good',1,'Perfusor Compact','2000-01-01','',NULL,'1.50','19.00','12.00','10.00','0.00',1,2,195,NULL,'2011-07-21','needle-pump-perfusor-11'),(351,'Infusion Pump',291,146,160,1,62,15,NULL,NULL,'Infusion Pump Ivac 598\r\n\r\n*Picture for reference only',1,99,'Ok',1,'Ivac 598','1998-12-01','',NULL,'2.70','13.30','18.40','19.30','0.00',1,2,180,NULL,'2011-07-21','infusion-pump-2'),(352,'Needle pump perfusor',270,93,160,1,62,14,NULL,NULL,'Perfusor SECURA FT\r\n\r\n*Picture for reference only',1,99,'good',1,'SECURA FT','1996-06-17','',NULL,'31.00','31.00','15.50','15.50','0.00',1,2,248,NULL,'2011-07-21','needle-pump-perfusor-12'),(353,'Infusion Pump',270,149,160,1,62,15,NULL,NULL,'Infusion Pump Ivac 598 Alaris Medical\r\n\r\n*Picture for reference only',1,99,'ok',1,'Ivac 598','1995-11-10','',NULL,'2.70','13.30','18.40','19.30','0.00',1,2,210,NULL,'2011-07-26','infusion-pump-3'),(354,'Ultrasound system',8666,5750,161,1,62,17,NULL,NULL,'Ultrasound system GE Vivid 5 GE Healthcare\r\ninstalled August 2001.\r\nSoftware revision level 204.\r\nOptions included:\r\nMasic.\r\nAnatomical M Mode.\r\nTVI.\r\nCompound imaging.\r\nInter operative support.\r\nTissue tracking.\r\nLV contrast.\r\n\r\nMainframe Including:\r\n1 x ECG Cables.\r\n1 x Pedoff transducer 2Mhz.\r\n1 x FPA 1 C 2,5 Mhx transducer.\r\n1 x VCR model SV 09500MDP.\r\n\r\n*Picture for reference only',5,19,'good',1,'Vivid 5','2001-01-01','',NULL,'0.00','0.00','0.00','0.00','0.00',1,2,266,NULL,'2011-07-26','ultrasound-system-22'),(355,'prod name',10000000,123456,168,1,103,500,NULL,NULL,'test',2,99,'ok',3,'model','1980-01-01','',NULL,'15.00','51.00','15.00','15.00','15.00',1,1,1,NULL,'2011-07-27','prod-name'),(356,'Ultrasound system',4755,3000,161,1,62,35,NULL,NULL,'Ultrasound system Sonos 2500 HP \r\nCardiac software\r\n1 x 2. 2,5 Mhz transducer\r\n1 x 3.7. 5 Mhz transducer',5,19,'ok',1,'Sonos 2500','2000-01-01','',NULL,'0.00','0.00','0.00','0.00','0.00',1,1,165,NULL,'2011-08-02','ultrasound-system-23'),(357,'Ultrasound system',6914,4500,161,1,62,35,NULL,NULL,'Ultrasound system Sonos 5500 HP \r\nSoftware release level B 2.2.\r\nOptions included\r\nâ€¢Harmonic Fusion Imaging on s8 Ultraband transducer\r\nâ€¢High-Definition Acoustic Zoom with flexible pan capability\r\nâ€¢Color compare mode\r\nâ€¢Full-screen M-mode and Doppler spectral display\r\nâ€¢Split-screen M-mode and Doppler spectral display\r\nâ€¢Triplex imaging on Ultraband 11-3L Linear Array transducer\r\nâ€¢Harmonics on OB/Gyn Presets\r\nâ€¢DICOM print capability\r\nâ€¢Non-interlaced RGB monitor\r\nâ€¢Quantitative Stress Echocardiography\r\nâ€¢miniMulti TEE (4-7 MHz) for pediatric and small adult patients\r\n\r\nECG cables\r\nPedoff transducer\r\n1 x S4 transducer\r\nSony color printer 890 MD\r\n\r\n*Picture for reference only',5,19,'ok',1,'Sonos 5500','2001-01-01','',NULL,'0.00','0.00','0.00','0.00','0.00',1,1,163,NULL,'2011-08-02','ultrasound-system-24'),(358,'Ultrasound system',7267,4750,161,1,62,35,NULL,NULL,'Ultrasound system Sonos 5500 HP.\r\nSoftware release level B.2.2\r\nOptions included:\r\n1 x Pedoff transducer.\r\n1 x S8 transducer.\r\n1 x S 3 transducer.\r\n1 x Sony UP 890 MD color printer.\r\nNote: system can be used with Omniplane 11 TEE transducer model 21369 A. (not included)\r\n\r\n*Picture for reference only',5,19,'ok',1,'Sonos 5500','2001-01-01','',NULL,'0.00','0.00','0.00','0.00','0.00',1,1,241,NULL,'2011-08-02','ultrasound-system-25'),(359,'Ultrasound system',6914,4500,161,1,62,35,NULL,NULL,'Ultrasound system Sonos 5500 HP\r\nSoftware release level B 1.\r\nOptions included\r\nHarmonic Fusion with Power Modulation\r\nâ€¢ Harmonic Fusion with 4-cycle transmit on s4 transducer\r\nâ€¢ Fusion Imaging with Adaptive Power\r\nâ€¢ Comprehensive contrast capabilities for LVO and research (SONOS 5500)**:\r\n- Real-time MCE research imaging with Power Modulation (optional)\r\n- Ultraharmonics and enhanced Harmonic Angio for triggered MCE research imaging\r\n- Acoustic Densitometry\r\n- LVO imaging with Power Modulation\r\n- LVO with 4-cycle transmit on s4 transducer\r\no Soft Echo Enhancement\r\nECG cables.\r\n1 x Pedoff transducer.\r\n1 x S 4t ransducer.\r\n\r\n*Picture for reference only',5,19,'ok',1,'Sonos 5500','2000-01-01','',NULL,'0.00','0.00','0.00','0.00','0.00',1,1,251,NULL,'2011-08-02','ultrasound-system-26'),(360,'Ultrasound system',6914,4500,161,1,62,35,NULL,NULL,'Ultrasound system Sonos 5500 HP\r\nSoftware release level B 1.1.\r\nOptions included:\r\nâ€¢ Harmonic Fusion with Power Modulation\r\nâ€¢ Harmonic Fusion with 4-cycle transmit on s4 transducer\r\nâ€¢ Fusion Imaging with Adaptive Power\r\nâ€¢ Comprehensive contrast capabilities for LVO and research (SONOS 5500)**:\r\n- Real-time MCE research imaging with Power Modulation (optional)\r\n- Ultraharmonics and enhanced Harmonic Angio for triggered MCE research imaging\r\n- Acoustic Densitometry\r\n- LVO imaging with Power Modulation\r\n- LVO with 4-cycle transmit on s4 transducer\r\no Soft Echo Enhancement\r\nECG cables.\r\n1 x Pedoff transducer.\r\n1 x S 4 transducer.\r\n1 x Panasonic VCR AG 7350.\r\n1 x Sony UP 890 MD color printer.\r\n\r\n*Picture for reference only',5,19,'ok',1,'Sonos 5500','2000-01-01','',NULL,'0.00','0.00','0.00','0.00','0.00',1,1,266,NULL,'2011-08-02','ultrasound-system-27'),(361,'Mammography system',12450,7900,168,1,62,19,NULL,NULL,'Mammography System MAMMOMAT 3000 Nova Siemens\r\nManufacturing year: 2007\r\n18â€x24â€ + 24â€x30â€ bucky\r\nAs an option (not included)\r\nKonika-Minolta CR-System \"\"REGIUS 190 MAMMO\"\"\r\nDate of manufacture: 2005\r\n3 x cassettes 18x24 cm\r\n3 x cassettes 24x30 cm\r\nincluded terminal and software to connect with Mammomat 3000 Nova.\r\nPrice MTT: MAMMOMAT 3000 Nova Siemens + REGIUS 190 MAMMO: EUR 21630',5,24,'ok',1,'MAMMOMAT 3000 Nova','2007-01-01','',NULL,'0.00','0.00','0.00','0.00','0.00',1,2,564,NULL,'2011-08-10','mammography-system-9'),(366,'Gastroscope GIF-Q160',6900,6900,155,1,175,11,NULL,NULL,'Olympus Gastroscope GIF-Q160\r\n(excellent condition)\r\n\r\n6 month warranty\r\n\r\nFÃ¼r weitere Fragen stehen wir Ihnen gerne zur VerfÃ¼gung.\r\n\r\nFor further questions do not hesitate to contact us.',5,75,'Excellent',1,'GIF-Q160','2006-12-31','',NULL,'4.00','60.00','50.00','15.00','0.00',1,2,117,NULL,'2011-09-19','gastroscope-gif-q160'),(367,'Coloscope CF-Q160I',0,6900,155,1,175,11,NULL,NULL,'Olympus Coloscope CF-Q160I\r\n\r\nFÃ¼r weitere Fragen stehen wir Ihnen gerne zur VerfÃ¼gung.\r\n\r\nFor further questions do not hesitate to contact us.',1,75,'Excellent',1,'CF-Q160I','2005-12-31','',NULL,'0.00','0.00','0.00','0.00','0.00',1,2,159,NULL,'2011-09-19','coloscope-cf-q160i'),(368,'Processor EPK-1000',6500,6500,155,1,175,500,NULL,NULL,'Pentax Processor EPK-1000\r\n\r\nWarranty: 6 month\r\n\r\nFor further questions do not hesitate to contact us.\r\n\r\nFÃ¼r weitere Fragen stehen wir Ihnen gerne zur VerfÃ¼gung.',5,75,'Excellent',1,'EPK-1000','2004-12-31','',NULL,'0.00','0.00','0.00','0.00','0.00',1,2,182,NULL,'2011-09-19','processor-epk-1000'),(369,'Gastroscope GIF-Q140',4500,4500,155,1,175,11,NULL,NULL,'Olympus Gastroscope GIF-Q140\r\n\r\nWarranty: 6 Monate\r\n\r\nFÃ¼r weitere Fragen stehen wir Ihnen gerne zur VerfÃ¼gung.\r\n\r\nFor further questions do not hesitate to contact us',5,24,'very good',1,'GIF-Q140','2002-12-31','',NULL,'0.00','0.00','0.00','0.00','0.00',1,2,150,NULL,'2011-09-19','gastroscope-gif-q140'),(370,'Coloscope',0,9500,155,1,175,11,NULL,NULL,'Olympus Coloscope CF-Q165I\r\n\r\nWarranty: 12 month\r\n\r\nFor further questions do not hesitate to contact us.\r\n\r\nFÃ¼r weitere Fragen stehen wir Ihnen gerne zur VerfÃ¼gung.',1,75,'Excellent',1,'CF-Q165i','2007-12-31','',NULL,'0.00','0.00','0.00','0.00','0.00',1,2,210,NULL,'2011-09-19','coloscope'),(377,'Ultrasound System',42454,32200,161,1,62,19,NULL,NULL,'Acuson Sequoia C512 cardiology sys. Siemens\r\nYear of manufacture: 2006\r\nVery good condition \r\nPal Video-Option\r\nProgressive Medien&Display (HSIX)\r\nSoftware-Version S9.5\r\nEncompass III Software, Native Tissue Harmonic Imaging, Native TEQ-Technologie\r\n4V1c Transducer\r\nDICOM-saving SCU zu PACS\r\nSony 895MD/A B/W Printer\r\nDoppler Tissue Imaging \r\nECG-Cable\r\nLast maintenance July 2011\r\nMaintenece log book\r\nManuals: PDF English 				\r\n					\r\nAprox. Weight : 210kg \r\nLxWxH: 125x75x139(in cm)',1,99,'very good',1,'Acuson Sequoia C512 cardiology system','2006-01-01','Sequoia C512 brochure.pdf',NULL,'210.00','125.00','75.00','139.00','0.00',1,2,215,NULL,'2011-10-13','ultrasound-system-28'),(378,'Ultrasound System',39807,30000,161,1,62,17,NULL,NULL,'Ultrasound System Vivid i GE Healthcare\r\nYOM: 2009 \r\nCondition: very good\r\nNew price with transducers USD 83000\r\nLast software version installed (update 2010)\r\nTrolley included\r\nTransducers (included):\r\n- 10S-RS H4000PF\r\nNeonatal cardiac transducer offering 2D,\r\nharmonics, M-mode, Color Doppler, PW &\r\nCW Doppler, TVI*, Tissue Tracking* and TSI*\r\nFootprint: 10 X 14mm\r\nBandwidth: 5.0 -11.5 MHz\r\nField of View: 90Â°\r\n- 6S-RS H45021RP\r\nPediatric & Neonatal cardiac transducer offering 2D,\r\nharmonics, M-mode, Color Doppler, PW &\r\nCW Doppler, TVI*, Tissue Tracking* and TSI*\r\nFootprint: 17 X 23 mm\r\nBandwidth: 2.7-8.0 MHz\r\nField of View: 90Â°',1,99,'very good',1,'Vivid i','2009-01-01','Brochure GE_Vivid_ i.pdf',NULL,'5.00','0.00','0.00','0.00','0.00',1,2,117,NULL,'2011-10-18','ultrasound-system-29'),(379,'Gynaecology examination chair',529,0,165,1,62,500,NULL,NULL,'Gynaecology examination chair Isele 300\r\nManufactured in Switzerland\r\nDate of manufacture: 1980\r\nHeight-adjustable\r\nCondition: ok, working (very good)\r\nQuantity: 2\r\nDescription: electro hydrauric height-adjustable\r\nCan be adjusted to horizontal position\r\nBack and leg pads collet\r\nBase Chromed / pad colour black\r\nWeight: 100Kg.',1,99,'ok, working (very good)',2,'Isele 300','1980-01-01','',NULL,'100.00','0.00','0.00','0.00','0.00',1,2,37,NULL,'2011-10-19','gynaecology-examination-chair'),(380,'Gynaecology examination chair (programable)',6130,0,165,1,62,500,NULL,NULL,'Gynaecology examination chair (programable) Elite Promotal\r\nManufactured in: FR \r\nDate of manufacture: 2005\r\nCondition: as new / used for demostration\r\nQuantity: 1\r\nDescription: Goeppel and back adjustable (electric) \r\nFoot control can select 3 pre-programed positions\r\nBack electric adjustable.\r\nElectric adjusting hight: from 55 until 95 cm.\r\nAdjustable seat (electric)\r\nFrame iron, covering of ABS M1, color light gray\r\nElectric control with pedal\r\nRemovable padding - referenz M1\r\nPaper roll placed behind head holder\r\n(Widht max. 500mm - durch. Max. 125mm.)\r\nAdjustable Skid, Plastic tray slideable\r\nCan be fixed from both sides for colposkop stand option \r\nMaximum patiente weight 200 Kg.\r\nVoltage 230V 10 A (3 x 24V Motors)\r\nWeight: 150Kg',1,99,'as new / used for demostration',1,'Elite','2005-01-01','',NULL,'150.00','0.00','0.00','0.00','0.00',1,2,46,NULL,'2011-10-19','gynaecology-examination-chair-programable'),(381,'Sickbed',294,0,165,1,62,500,NULL,NULL,'Sickbed Dewert 2090\r\nManufactured in DE\r\nDate of manufacture: 1994\r\nCondition: working (with small damages)\r\nQuantity: 1\r\nDescription: Mobile Sickbed scissors system with 3 motors height-adjustable\r\n& Trendeleburg Position\r\n2 adjustable side fence, remote control.\r\nGallows can be used to hold or infusion stand.\r\n4 brakeable weels \r\nVoltage: 230 V 50Hz\r\nWeight: 130Kg.',1,99,'working (with small damages)',1,'2090','1994-01-01','',NULL,'130.00','0.00','0.00','0.00','0.00',1,2,44,NULL,'2011-10-19','sickbed'),(382,'Microscope Camera',182,0,156,1,62,500,NULL,NULL,'Microscope Camera Mod. Pal MC\r\nManufactured in: China\r\nDate of manufacture: 2004\r\nWeight: 300Gr.\r\nCondition: as new / used for demostration\r\nQuantity: 1\r\nDescription: Microscope Camera Video Pal\r\nmax. 200 x magnification\r\nFor Beauty, skin, hair or eye Diagnostic\r\nVoltage: 12 V (adaptor 220v)',1,99,'as new / used for demostration',1,'Pal MC','2004-01-01','',NULL,'0.30','0.00','0.00','0.00','0.00',1,2,47,NULL,'2011-10-19','microscope-camera'),(383,'Gynaecology examination chair adjustable (electric)',875,0,165,1,62,500,NULL,NULL,'Gynaecology examination chair adjustable (electric)sele490\r\nManufactured in: Switzerland \r\nDate of manufacture: 1985\r\nCondition: working (good condition)\r\nQuantity: 1\r\nDescription: Electro hydrauric pedal controlled height-adjustable\r\nBack adjustable (hydrauric) \r\nCan be adjusted to horizontal position\r\nSolid construction / Pads in good condition\r\nColor: Cream-white\r\nVoltage: 230 V 10A\r\nWeight: 160Kg',1,99,'working (good condition)',1,'sele 490','1985-01-01','',NULL,'160.00','0.00','0.00','0.00','0.00',1,2,40,NULL,'2011-10-19','gynaecology-examination-chair-adjustable-electric'),(384,'Stroboscope Endo-Stroboscope',5693,0,155,1,62,500,NULL,NULL,'Stroboskope Endo-Stroboscope L ATMOS Medical\r\nDate of manufacture 2003\r\nCondition: very good, as new\r\nDescription: for mediastroboscope & vocal cords analysis\r\nCan be used as flash gun and Pilot light\r\nSlow motion speed: 0,5 - 2Hz / 1Hz fix\r\nPhase in stop view (0Â° - 400Â°)\r\nFoot pedal adjustable. \r\nFlash frequency 70 - 500Hz\r\nAirflow against condensation from laringoscope\r\nBody microphone & laryngoscope holder included\r\nVoltage: 230V 50-60Hz\r\nPower consumption: 250W\r\nDimensions: 125 x 380 x 410mm\r\nWeight: 12 Kg.',1,99,'very good, as new',1,'Endo-Stroboscope L','2003-01-01','',NULL,'12.00','12.50','38.00','41.00','0.00',1,2,46,NULL,'2011-10-19','stroboscope-endo-stroboscope'),(385,'Medical Videocamera',3150,0,155,1,62,500,NULL,NULL,'Medical Videocamera ECOCAM X-f-pal ILO Elektronik\r\nManufactured in: DE\r\nDate of manufacture: 2007\r\nCondition: as new / used for demostration\r\nQuantity: 1\r\nDescription: Professional Videocamera, CCD sensor 1/3\"\r\nStandbild-function controlled by pedal\r\nSensitivity 3 lux, f=1,4\r\nwith Anti - MoirÃ© - Filter, remote control\r\nVideo out: 1 x FBAS, 1 x Y/C(S-VHS)\r\nCE Certificate DIN EN 60601-1-2\r\nDimensions: 176 x 202 x 72mm\r\nVoltage: 230V 50-60Hz\r\nWeight: 1,6 Kg.',1,99,'as new / used for demostration',1,'ECOCAM X-f-pal','2007-01-01','',NULL,'1.60','17.60','20.20','7.20','0.00',1,2,61,NULL,'2011-10-19','medical-videocamera'),(386,'Ear Nose Throat investigation unit',12565,8500,150,1,62,500,NULL,NULL,'Ear Nose Throat investigation unit Servant 4 Atmos Medizintechnik\r\nManufactured in: DE\r\nDate of manufacture: 1991\r\nCondition: ok, working (very good)\r\nQuantity: 1\r\nDescription: secretion pump out and automatic secretion drainage,\r\nwith air pressure for spray function,\r\n3 Temperature Vestibular water-ear flushing 30, 37 & 44Â°C and\r\nDigitaldisplay with 2 channel Halogen light source 15V 150W\r\nwith HF Elektrotom slot\r\nwith headlamp hanger assembly and automatic halogen light-connection\r\nwith mirror before - and after heater and big instrument tray\r\n6 month waranty in Switzerland\r\nVoltage: 230V cold \r\nWater connection & sewer hookups\r\nWeight: 120Kg.',1,99,'ok, working (very good)',1,'Servant 4','1991-01-01','',NULL,'120.00','0.00','0.00','0.00','0.00',1,2,76,NULL,'2011-10-24','ear-nose-throat-investigation-unit'),(387,'Investigation unit Ear Nose Throat / ORL',19598,13800,150,1,62,500,NULL,NULL,'Investigation unit Ear Nose Throat / ORL Compact Dantschke\r\nManufactured in: DE (Leiptzig)\r\nDate of manufacture: 2008\r\nCondition: New (Demo Model)\r\nQuantity: 1\r\nDescription: secretion pump out and automatic secretion drainage,\r\nwith air pressure for spray function,\r\nwith 1 Temp. water-ear flushing 37Â° C\r\nwith vacuum & air pressure manometer\r\nwith headlamp hanger assembly and automatic halogen light-connection\r\nwith 2 channel Halogen light source 15V 150W\r\nPre heated endoscope tray\r\n12 month waranty in Switzerland\r\nWater connection & sewer hookups\r\nVoltage: 230V \r\nWeight: aprox. 85 Kg.',1,99,'New (Demo Model)',1,'Compact','2008-01-01','',NULL,'85.00','0.00','0.00','0.00','0.00',1,2,74,NULL,'2011-10-24','investigation-unit-ear-nose-throat-orl'),(388,'Weelchair for transfer or geriatric',3135,1890,165,1,62,500,NULL,NULL,'Weelchair for transfer or geriatric Sella Borcad\r\nManufactured in: CZ\r\nDate of manufacture: 2009\r\nCondition: New (Demo Model)\r\nQuantity: 1\r\nDescription: Transfer weelchair with adaptable positions und easy to set\r\nBack with foot holder synchronized, setable with gas spring\r\n2 big weels in the front & 2 small direction weels in the back side\r\ncentral brake, armrest verstellbar\r\nBig accesories set available\r\nFor max. patient weight: 150 Kg.\r\nWeight: aprox. 65 Kg.',1,99,'New (Demo Model)',1,'Sella','2009-01-01','',NULL,'65.00','0.00','0.00','0.00','0.00',1,2,63,NULL,'2011-10-24','weelchair-for-transfer-or-geriatric'),(389,'Ultrasound system',9900,0,161,1,62,500,NULL,NULL,'Included in the price:\r\n3 Tranducers: linear, convex & endocavity, video printer and cart \r\n\r\nApplications: Obstetric, gynecology, urology, cardiology, etc.\r\n\r\nGeneral description\r\nImaging mode: S, B+8, 4B. B+M, M\r\nGray scale 256\r\nDisplay: 10\" non interlaced SVGA\r\nProbe frequency: 2,0 to 1OMHz\r\nProbe connector: 2 (standard)\r\nBeam.forming: DBF. ORA. DFS, ORF, RDF\r\nScanning angle: from 30 to 150 degree (depending on probes)\r\nScanning depth: from 40 to 250mm (depending on probes)\r\nWeight: 10 Kg\r\n\r\nFunctions\r\nCine loop: 365 frames bidirectional cineÂ·loop\r\nStorage media: Build-in flash, external flash stick\r\nBuild-in storage: Min.50 frames permanent storage and 16 frames snapshot\r\nBody mark: 64 types\r\n\r\nExternal device ports\r\n- 2 transducers ports\r\n- USB port for image storage and software update\r\n- Video printer and laser printer parts',2,101,'New',1,'EMP-2100','2011-01-01','Brochure EMP-2100.pdf',NULL,'10.00','38.00','29.20','36.50','0.00',1,2,29,NULL,'2011-11-01','ultrasound-system-30'),(390,'Mobile X-ray',17900,0,168,1,62,500,NULL,NULL,'HM-32\r\nApplication:\r\nThis unit can be used mainly for radiography in the operation room,\r\nemergency ward, orthopedics and surgical treatment.\r\nSpecification:\r\nH.T. generator 3.2kW\r\nExposure voltage 40kV~110kV (1kV/step)\r\nExposure mA 10mA~60mA (by step)\r\nExposure mAs 1mAs~250mAs (by step)\r\nX-ray tube connection 1.5mm\r\nRequired Power: 220V single-phase\r\n\r\nGenerator High Frequency Conversion\r\nMax. Power 3.2kW\r\nH.F. Generator Integrated X-ray Tube\r\nPower requirement Single-phase 220VÂ±10%\r\nFrequency 50HzÂ±1Hz\r\nCapacity Not less than 4kVA\r\nkV 40-110kV(1kv/step)\r\nmA 10-60mA (in step)\r\nRadiography\r\nmAs 1-250mAs(in step)\r\nAnode Fixed type\r\nFocus 1.5mm\r\nX-ray tube (Toshiba)\r\nCapacity 32KJ\r\nControl Manual adjustment\r\nFiled Square filed\r\nCollimator\r\nExposure size 14\" x 14\"\r\nMovement in longitudinal =140cm\r\nRotation against X axis Â±90Â°\r\nRotation against Y axis Â±90Â°~-30Â°\r\nCollimator rotation Â±90Â°\r\nVertical shaft rotation Â±90Â°\r\nProtection system of the redundant X-radiation Through GB8279-2001',2,101,'New',1,'HM-32','2011-01-01','Brochure HM-32.pdf',NULL,'320.00','0.00','0.00','0.00','0.00',1,2,22,NULL,'2011-11-01','mobile-x-ray'),(391,'Ultrasound system',6200,0,161,1,62,500,NULL,NULL,'Wide applications: Abdominal, OB/GYN, Urology, Cardiology, Small\r\nparts examination etc.\r\n3 step multi-frequency\r\nMeasurement: Distance, circumference, area, fetal weight,fetal heart rate\r\nOB measurments: BPD, GS, CRL, FL, AD, HC, AC\r\n15 body marks\r\n4-step zooming: x1.0, x1.2, x1.5, x2.0 with scroll-up depth control\r\n1 probe connector(standard), can be updated to 2-probe connectors (Optional)\r\nTechnical Specification :\r\nScanning mode: Convex/Linear\r\nDisplay modes: B,B+B,B+M,M\r\nScanning depth: 220mm\r\nGray scales: 256\r\nCine-loop: 186 frames\r\nImage permanent storage: 20 frames\r\nImage magnification: Ã—1.0,Ã—1.2,Ã—1.5,Ã—2.0\r\nImage conversion: up/down, left/right, black/white\r\nZoom: 2 times both in real-time and frozen\r\nFrame correlation: Three levels to adjust (B?B+B mode)\r\nElectronic focuses: 4-sector dynamic\r\nDepth scroll up in B and B+B modes\r\nResolution Lateral:?2mm, axial?1mm\r\nBody marks: 15\r\nMeasurement: Distance, circumference ,area, heart rate, EDD\r\nCoded-colors : 7\r\nVideo output: PAL-D , ACE , Noninterlace , VGA\r\nMonitor: 10 inch VGA\r\nPower Supply: 100V~130V/220V~240V, 50/60Hz\r\nWeight: 11.5 Kg(including probe)\r\nDimensions(mm): 353x315x253',2,101,'New',1,'WED-9618','2011-01-01','',NULL,'11.50','35.50','31.50','25.30','0.00',1,2,24,NULL,'2011-11-01','ultrasound-system-31');

/*Table structure for table `equipo_has_formapago` */

DROP TABLE IF EXISTS `equipo_has_formapago`;

CREATE TABLE `equipo_has_formapago` (
  `equipo_id` int(11) NOT NULL,
  `formapago_id` int(11) NOT NULL,
  `id` int(11) NOT NULL AUTO_INCREMENT,
  `nrocuotas` int(11) NOT NULL,
  `pago` float DEFAULT NULL,
  `dias` int(11) DEFAULT NULL,
  `totalpago` float DEFAULT NULL,
  `moraxdia` float NOT NULL,
  `active` int(11) NOT NULL DEFAULT '1',
  PRIMARY KEY (`id`),
  KEY `fk_equipo_has_formapago_formapago1` (`formapago_id`),
  KEY `fk_equipo_has_formapago_equipo1` (`equipo_id`),
  CONSTRAINT `fk_equipo_has_formapago_equipo1` FOREIGN KEY (`equipo_id`) REFERENCES `equipo` (`id`) ON DELETE NO ACTION ON UPDATE NO ACTION,
  CONSTRAINT `fk_equipo_has_formapago_formapago1` FOREIGN KEY (`formapago_id`) REFERENCES `formapago` (`id`) ON DELETE NO ACTION ON UPDATE NO ACTION
) ENGINE=InnoDB DEFAULT CHARSET=utf8 COLLATE=utf8_unicode_ci;

/*Data for the table `equipo_has_formapago` */

/*Table structure for table `equipodescripcion` */

DROP TABLE IF EXISTS `equipodescripcion`;

CREATE TABLE `equipodescripcion` (
  `id` int(11) NOT NULL AUTO_INCREMENT,
  `idiomas_id` int(11) NOT NULL,
  `descripcion` text COLLATE utf8_unicode_ci NOT NULL,
  `equipo_id` int(11) NOT NULL,
  PRIMARY KEY (`id`),
  KEY `fk_equipodescripcion_idiomas1` (`idiomas_id`),
  KEY `fk_equipodescripcion_equipo1` (`equipo_id`),
  CONSTRAINT `fk_equipodescripcion_equipo1` FOREIGN KEY (`equipo_id`) REFERENCES `equipo` (`id`) ON DELETE NO ACTION ON UPDATE NO ACTION,
  CONSTRAINT `fk_equipodescripcion_idiomas1` FOREIGN KEY (`idiomas_id`) REFERENCES `idiomas` (`id`) ON DELETE NO ACTION ON UPDATE NO ACTION
) ENGINE=InnoDB DEFAULT CHARSET=utf8 COLLATE=utf8_unicode_ci;

/*Data for the table `equipodescripcion` */

/*Table structure for table `estadocuota` */

DROP TABLE IF EXISTS `estadocuota`;

CREATE TABLE `estadocuota` (
  `id` int(11) NOT NULL AUTO_INCREMENT,
  `nombre` varchar(60) NOT NULL,
  `active` int(11) NOT NULL,
  PRIMARY KEY (`id`)
) ENGINE=InnoDB DEFAULT CHARSET=utf8;

/*Data for the table `estadocuota` */

/*Table structure for table `estadoequipo` */

DROP TABLE IF EXISTS `estadoequipo`;

CREATE TABLE `estadoequipo` (
  `id` int(11) NOT NULL AUTO_INCREMENT,
  `nombre` varchar(100) COLLATE utf8_unicode_ci NOT NULL,
  `active` int(11) NOT NULL DEFAULT '1',
  PRIMARY KEY (`id`)
) ENGINE=InnoDB AUTO_INCREMENT=3 DEFAULT CHARSET=utf8 COLLATE=utf8_unicode_ci;

/*Data for the table `estadoequipo` */

insert  into `estadoequipo`(id,nombre,active) values (1,'Usado',1),(2,'Nuevo',1);

/*Table structure for table `estadooperacion` */

DROP TABLE IF EXISTS `estadooperacion`;

CREATE TABLE `estadooperacion` (
  `id` int(11) NOT NULL AUTO_INCREMENT,
  `nombre` varchar(100) COLLATE utf8_unicode_ci NOT NULL,
  `active` int(11) NOT NULL,
  PRIMARY KEY (`id`)
) ENGINE=InnoDB DEFAULT CHARSET=utf8 COLLATE=utf8_unicode_ci;

/*Data for the table `estadooperacion` */

/*Table structure for table `fabricantes` */

DROP TABLE IF EXISTS `fabricantes`;

CREATE TABLE `fabricantes` (
  `id` int(11) NOT NULL AUTO_INCREMENT,
  `nombre` varchar(250) COLLATE utf8_unicode_ci NOT NULL,
  `active` int(11) NOT NULL DEFAULT '1',
  PRIMARY KEY (`id`)
) ENGINE=InnoDB AUTO_INCREMENT=501 DEFAULT CHARSET=utf8 COLLATE=utf8_unicode_ci;

/*Data for the table `fabricantes` */

insert  into `fabricantes`(id,nombre,active) values (9,'Karl Storz',1),(10,'Hamilton',1),(11,'Olympus',1),(12,'Sony',1),(13,'Carbamed',1),(14,'BBraun',1),(15,'Alaris Medical',1),(16,'Schiller',1),(17,'GE Healthcare',1),(18,'Fisher & Paykel',1),(19,'Siemens',1),(20,'Mitsubishi',1),(21,'Hill-Rom',1),(22,'Ohmeda',1),(23,'Medela',1),(24,'Johnson & Johnson',1),(25,'Agfa',1),(26,'Hellige',1),(27,'Imed',1),(28,'Laerdal',1),(29,'Graseby Medical',1),(30,'Kontron Medical',1),(31,'Masimo',1),(32,'Lamprecht',1),(33,'DrÃƒÂ¤ger Medical',1),(34,'Wisap',1),(35,'HP',1),(36,'Linvatec',1),(37,'Bipolar',1),(38,'DÃƒÂ¼rr',1),(39,'Lifepak',1),(40,'Linde Medical Sensors',1),(41,'Roche',1),(42,'Biotrans',1),(43,'Datex-Ohmeda GE Healthcare',1),(44,'IVAC',1),(45,'Anklin',1),(46,'Hess',1),(47,'Topcon Japan',1),(48,'New Brunswick Scientific',1),(49,'Warm-Air',1),(50,'Schaerer Medical',1),(51,'Datex-Engstrom (Ohmeda)',1),(52,'Zeiss',1),(53,'Physio Control',1),(54,'Thermo Fisher Scientific',1),(500,'Others',1);

/*Table structure for table `formaenvio` */

DROP TABLE IF EXISTS `formaenvio`;

CREATE TABLE `formaenvio` (
  `id` int(11) NOT NULL AUTO_INCREMENT,
  `nombre` varchar(150) DEFAULT NULL,
  PRIMARY KEY (`id`)
) ENGINE=InnoDB DEFAULT CHARSET=utf8;

/*Data for the table `formaenvio` */

/*Table structure for table `formaenvio_has_equipo` */

DROP TABLE IF EXISTS `formaenvio_has_equipo`;

CREATE TABLE `formaenvio_has_equipo` (
  `formaenvio_id` int(11) NOT NULL,
  `equipo_id` int(11) NOT NULL,
  `id` int(11) NOT NULL AUTO_INCREMENT,
  PRIMARY KEY (`id`),
  KEY `fk_formaenvio_has_equipo_equipo1` (`equipo_id`),
  KEY `fk_formaenvio_has_equipo_formaenvio1` (`formaenvio_id`),
  CONSTRAINT `fk_formaenvio_has_equipo_equipo1` FOREIGN KEY (`equipo_id`) REFERENCES `equipo` (`id`) ON DELETE NO ACTION ON UPDATE NO ACTION,
  CONSTRAINT `fk_formaenvio_has_equipo_formaenvio1` FOREIGN KEY (`formaenvio_id`) REFERENCES `formaenvio` (`id`) ON DELETE NO ACTION ON UPDATE NO ACTION
) ENGINE=InnoDB DEFAULT CHARSET=utf8;

/*Data for the table `formaenvio_has_equipo` */

/*Table structure for table `formapago` */

DROP TABLE IF EXISTS `formapago`;

CREATE TABLE `formapago` (
  `id` int(11) NOT NULL AUTO_INCREMENT,
  `nombre` varchar(150) NOT NULL,
  `active` int(11) NOT NULL,
  PRIMARY KEY (`id`)
) ENGINE=InnoDB DEFAULT CHARSET=utf8;

/*Data for the table `formapago` */

/*Table structure for table `idiomas` */

DROP TABLE IF EXISTS `idiomas`;

CREATE TABLE `idiomas` (
  `id` int(11) NOT NULL AUTO_INCREMENT,
  `nombre` varchar(100) NOT NULL,
  `prefijo` varchar(10) NOT NULL,
  `active` int(11) DEFAULT '1',
  PRIMARY KEY (`id`)
) ENGINE=InnoDB AUTO_INCREMENT=5 DEFAULT CHARSET=utf8;

/*Data for the table `idiomas` */

insert  into `idiomas`(id,nombre,prefijo,active) values (1,'English','en',1),(2,'Polaco','pl',1),(3,'EspaÃƒÂ±ol','es',1),(4,'Aleman','de',1);

/*Table structure for table `imagen` */

DROP TABLE IF EXISTS `imagen`;

CREATE TABLE `imagen` (
  `id` int(11) NOT NULL AUTO_INCREMENT,
  `equipo_id` int(11) NOT NULL,
  `nombre` varchar(255) COLLATE utf8_unicode_ci DEFAULT NULL,
  `thumb` varchar(255) COLLATE utf8_unicode_ci DEFAULT NULL,
  `imagen` varchar(255) COLLATE utf8_unicode_ci DEFAULT NULL,
  `published` int(11) DEFAULT '0',
  `descripcion` text COLLATE utf8_unicode_ci,
  `order` int(11) DEFAULT NULL,
  `active` int(11) DEFAULT '1',
  `avatar` varchar(255) COLLATE utf8_unicode_ci DEFAULT NULL,
  `imgequipo` varchar(255) COLLATE utf8_unicode_ci DEFAULT NULL,
  PRIMARY KEY (`id`),
  KEY `fk_imagenes_equipo1` (`equipo_id`),
  CONSTRAINT `fk_imagenes_equipo1` FOREIGN KEY (`equipo_id`) REFERENCES `equipo` (`id`) ON DELETE NO ACTION ON UPDATE NO ACTION
) ENGINE=InnoDB DEFAULT CHARSET=utf8 COLLATE=utf8_unicode_ci;

/*Data for the table `imagen` */

/*Table structure for table `moneda` */

DROP TABLE IF EXISTS `moneda`;

CREATE TABLE `moneda` (
  `id` int(11) NOT NULL AUTO_INCREMENT,
  `nombre` varchar(100) COLLATE utf8_unicode_ci NOT NULL,
  `simbolo` varchar(10) COLLATE utf8_unicode_ci DEFAULT NULL,
  `prefijo` varchar(45) COLLATE utf8_unicode_ci DEFAULT NULL,
  `active` int(11) NOT NULL,
  `cambio` decimal(8,3) DEFAULT NULL,
  `fechacambio` date DEFAULT NULL,
  `codepais` varchar(50) COLLATE utf8_unicode_ci DEFAULT NULL,
  PRIMARY KEY (`id`)
) ENGINE=InnoDB AUTO_INCREMENT=7 DEFAULT CHARSET=utf8 COLLATE=utf8_unicode_ci;

/*Data for the table `moneda` */

insert  into `moneda`(id,nombre,simbolo,prefijo,active,cambio,fechacambio,codepais) values (1,'Swiss Francs','Fr',NULL,1,NULL,NULL,'CH'),(2,'US Dollars','$',NULL,1,NULL,NULL,'US'),(3,'Peruvian Nuevo Sol','S/.',NULL,1,NULL,NULL,'PE'),(4,'Chilean Peso','$',NULL,1,NULL,NULL,'CL'),(5,'Euros','Ã¢â€šÂ¬',NULL,1,NULL,NULL,'DE'),(6,'Polish new Zloty','zÃ…â€š',NULL,1,NULL,NULL,'PL');

/*Table structure for table `operacion` */

DROP TABLE IF EXISTS `operacion`;

CREATE TABLE `operacion` (
  `id` int(11) NOT NULL AUTO_INCREMENT,
  `estadooperacion_id` int(11) NOT NULL,
  `fecha` datetime NOT NULL,
  `usuario_id` int(11) NOT NULL,
  `fechainicio` datetime NOT NULL,
  `fechapago` datetime DEFAULT NULL,
  `total` float(8,2) DEFAULT NULL,
  PRIMARY KEY (`id`),
  KEY `fk_operacion_estadooperacion1` (`estadooperacion_id`),
  KEY `fk_operacion_usuario1` (`usuario_id`),
  CONSTRAINT `fk_operacion_estadooperacion1` FOREIGN KEY (`estadooperacion_id`) REFERENCES `estadooperacion` (`id`) ON DELETE NO ACTION ON UPDATE NO ACTION,
  CONSTRAINT `fk_operacion_usuario1` FOREIGN KEY (`usuario_id`) REFERENCES `usuario` (`id`) ON DELETE NO ACTION ON UPDATE NO ACTION
) ENGINE=InnoDB DEFAULT CHARSET=utf8 COLLATE=utf8_unicode_ci;

/*Data for the table `operacion` */

/*Table structure for table `operacion_envios` */

DROP TABLE IF EXISTS `operacion_envios`;

CREATE TABLE `operacion_envios` (
  `id` int(11) NOT NULL AUTO_INCREMENT,
  `operacion_id` int(11) NOT NULL,
  `descripcion` varchar(120) COLLATE utf8_unicode_ci NOT NULL,
  `fecha` datetime NOT NULL,
  `active` int(11) NOT NULL DEFAULT '1',
  PRIMARY KEY (`id`),
  KEY `fk_operacion1` (`operacion_id`),
  CONSTRAINT `fk_operacion1` FOREIGN KEY (`operacion_id`) REFERENCES `operacion` (`id`) ON DELETE NO ACTION ON UPDATE NO ACTION
) ENGINE=InnoDB DEFAULT CHARSET=utf8 COLLATE=utf8_unicode_ci;

/*Data for the table `operacion_envios` */

/*Table structure for table `operacion_has_equipo` */

DROP TABLE IF EXISTS `operacion_has_equipo`;

CREATE TABLE `operacion_has_equipo` (
  `operacion_id` int(11) NOT NULL,
  `equipo_id` int(11) NOT NULL,
  `id` int(11) NOT NULL AUTO_INCREMENT,
  `precio` float DEFAULT NULL,
  `equipo_has_formapago_id` int(11) NOT NULL,
  `cantidad` int(11) NOT NULL,
  PRIMARY KEY (`id`),
  KEY `fk_operacion_has_equipo_equipo1` (`equipo_id`),
  KEY `fk_operacion_has_equipo_operacion1` (`operacion_id`),
  KEY `fk_operacion_has_equipo_equipo_has_formapago1` (`equipo_has_formapago_id`),
  CONSTRAINT `fk_operacion_has_equipo_equipo1` FOREIGN KEY (`equipo_id`) REFERENCES `equipo` (`id`) ON DELETE NO ACTION ON UPDATE NO ACTION,
  CONSTRAINT `fk_operacion_has_equipo_equipo_has_formapago1` FOREIGN KEY (`equipo_has_formapago_id`) REFERENCES `equipo_has_formapago` (`id`) ON DELETE NO ACTION ON UPDATE NO ACTION,
  CONSTRAINT `fk_operacion_has_equipo_operacion1` FOREIGN KEY (`operacion_id`) REFERENCES `operacion` (`id`) ON DELETE NO ACTION ON UPDATE NO ACTION
) ENGINE=InnoDB DEFAULT CHARSET=utf8 COLLATE=utf8_unicode_ci;

/*Data for the table `operacion_has_equipo` */

/*Table structure for table `page` */

DROP TABLE IF EXISTS `page`;

CREATE TABLE `page` (
  `id` int(11) NOT NULL AUTO_INCREMENT,
  `nombre` varchar(200) NOT NULL,
  `fecha` datetime DEFAULT NULL,
  `active` int(1) DEFAULT '1',
  PRIMARY KEY (`id`)
) ENGINE=InnoDB AUTO_INCREMENT=5 DEFAULT CHARSET=utf8;

/*Data for the table `page` */

insert  into `page`(id,nombre,fecha,active) values (1,'Welcome',NULL,1),(2,'Services',NULL,1),(3,'Sell n Trade',NULL,1),(4,'About Us',NULL,1);

/*Table structure for table `pagina` */

DROP TABLE IF EXISTS `pagina`;

CREATE TABLE `pagina` (
  `idpagina` int(11) NOT NULL AUTO_INCREMENT,
  `titulo` varchar(150) CHARACTER SET utf8 COLLATE utf8_unicode_ci NOT NULL,
  `body` text NOT NULL,
  `page_id` int(11) NOT NULL,
  `active` int(11) DEFAULT '1',
  `idiomas_id` int(11) NOT NULL,
  `paises_id` int(11) NOT NULL,
  PRIMARY KEY (`idpagina`),
  KEY `fk_pagina_idiomas1` (`idiomas_id`),
  KEY `fk_pagina_paises1` (`paises_id`),
  KEY `FK_pagina` (`page_id`),
  CONSTRAINT `FK_pagina` FOREIGN KEY (`page_id`) REFERENCES `page` (`id`) ON DELETE NO ACTION ON UPDATE NO ACTION,
  CONSTRAINT `fk_pagina_idiomas1` FOREIGN KEY (`idiomas_id`) REFERENCES `idiomas` (`id`) ON DELETE NO ACTION ON UPDATE NO ACTION,
  CONSTRAINT `fk_pagina_paises1` FOREIGN KEY (`paises_id`) REFERENCES `paises` (`id`) ON DELETE NO ACTION ON UPDATE NO ACTION
) ENGINE=InnoDB AUTO_INCREMENT=22 DEFAULT CHARSET=utf8;

/*Data for the table `pagina` */

insert  into `pagina`(idpagina,titulo,body,page_id,active,idiomas_id,paises_id) values (2,'welcome','aca ira el texto',2,1,1,14),(3,'bienvenido','dfasdfsdf',2,1,2,14),(4,'Welcome MedTechTrade is a global trade association for technology manufacturers, research institutions, allied professional services and development o','<p>\r\n	&nbsp;</p>\r\n<div style=\"color: rgb(51, 51, 51); font-family: Tahoma, Helvetica, Arial, sans-serif; line-height: 15px; \">\r\n	<img alt=\"MedTechTrade\" border=\"0\" mce_src=\"images/stories/frontpage-image.jpg\" src=\"http://www.medtechtrade.com/images/stories/frontpage-image.jpg\" style=\"border-top-width: 0px; border-right-width: 0px; border-bottom-width: 0px; border-left-width: 0px; border-style: initial; border-color: initial; border-image: initial; \" /></div>\r\n<div class=\"contentheading\" mce_style=\"margin-bottom:10px;\" style=\"color: rgb(51, 51, 51); font-family: Tahoma, Helvetica, Arial, sans-serif; line-height: 15px; margin-bottom: 10px; \">\r\n	<br />\r\n	Welcome</div>\r\n<p style=\"color: rgb(51, 51, 51); font-family: Tahoma, Helvetica, Arial, sans-serif; line-height: 15px; \">\r\n	<span class=\"Apple-style-span\" mce_name=\"strong\" mce_style=\"font-weight: bold;\" style=\"font-weight: bold; \">MedTechTrade</span>&nbsp;is a global trade association for technology manufacturers, research institutions, allied professional services and development organizations with shared interests in collaborative developing technologies, products and services for the global medical products marketplace.</p>\r\n<p style=\"color: rgb(51, 51, 51); font-family: Tahoma, Helvetica, Arial, sans-serif; line-height: 15px; \">\r\n	Our goal is to enable and accelerate trading of medical devices for companies and institutional organisation.</p>\r\n',1,1,1,14),(5,'Welcome MedTechTrade is a global trade association for technology manufacturers, research institutions, allied professional services and development o','<p>\r\n	&nbsp;</p>\r\n<div>\r\n	<div style=\"color: rgb(51, 51, 51); font-family: Tahoma, Helvetica, Arial, sans-serif; line-height: 15px; \">\r\n		<br class=\"Apple-interchange-newline\" />\r\n		<img alt=\"MedTechTrade\" border=\"0\" mce_src=\"images/stories/frontpage-image.jpg\" src=\"http://www.medtechtrade.com/images/stories/frontpage-image.jpg\" style=\"border-top-width: 0px; border-right-width: 0px; border-bottom-width: 0px; border-left-width: 0px; border-style: initial; border-color: initial; border-image: initial; \" /></div>\r\n	<div class=\"contentheading\" mce_style=\"margin-bottom:10px;\" style=\"color: rgb(51, 51, 51); font-family: Tahoma, Helvetica, Arial, sans-serif; line-height: 15px; margin-bottom: 10px; \">\r\n		<br />\r\n		Welcome</div>\r\n	<p style=\"color: rgb(51, 51, 51); font-family: Tahoma, Helvetica, Arial, sans-serif; line-height: 15px; \">\r\n		<span class=\"Apple-style-span\" mce_name=\"strong\" mce_style=\"font-weight: bold;\" style=\"font-weight: bold; \">MedTechTrade</span>&nbsp;is a global trade association for technology manufacturers, research institutions, allied professional services and development organizations with shared interests in collaborative developing technologies, products and services for the global medical products marketplace.</p>\r\n	<p style=\"color: rgb(51, 51, 51); font-family: Tahoma, Helvetica, Arial, sans-serif; line-height: 15px; \">\r\n		Our goal is to enable and accelerate trading of medical devices for companies and institutional organisation.</p>\r\n</div>',1,1,2,14),(6,'Bienvenido MedTechTrade es una asociaciÃƒÂ³n regional de comercio sin fines lucrativos compuesta de fabricantes de tecnologÃƒÂ­a del norte de New York','<p>\r\n	<img alt=\"MedTechTrade\" border=\"0\" mce_src=\"images/stories/frontpage-image.jpg\" src=\"http://www.medtechtrade.com/images/stories/frontpage-image.jpg\" style=\"color: rgb(51, 51, 51); font-family: Tahoma, Helvetica, Arial, sans-serif; line-height: 15px; border-top-width: 0px; border-right-width: 0px; border-bottom-width: 0px; border-left-width: 0px; border-style: initial; border-color: initial; border-image: initial; \" /></p>\r\n<p>\r\n	Bienvenido</p>\r\n<p>\r\n	MedTechTrade es una asociaci&oacute;n de comercio a nivel mundial de equipamiento m&eacute;dico para empresas y organizaciones.&nbsp;</p>\r\n<p>\r\n	&nbsp;</p>\r\n<p>\r\n	Nuestro objetivo es facilitar y agilizar el comercio de equipamiento medico.</p>\r\n',1,1,3,14),(7,'MedTechTrade ist eine weltweite Handelsorganisation fÃƒÂ¼r Technologiehersteller, Forschungseinrichtungen, allierten professionellen Dienstleistern un','<p>\r\n	<img alt=\"MedTechTrade\" border=\"0\" mce_src=\"images/stories/frontpage-image.jpg\" src=\"http://www.medtechtrade.com/images/stories/frontpage-image.jpg\" style=\"color: rgb(51, 51, 51); font-family: Tahoma, Helvetica, Arial, sans-serif; line-height: 15px; border-top-width: 0px; border-right-width: 0px; border-bottom-width: 0px; border-left-width: 0px; border-style: initial; border-color: initial; border-image: initial; \" /></p>\r\n<p>\r\n	&nbsp;</p>\r\n<p>\r\n	Willkommen</p>\r\n<p>\r\n	MedTechTrade ist eine weltweite Handelsorganisation von medizinischen Ger&auml;ten f&uuml;r Firmen und Organisationen.</p>\r\n<p>\r\n	&nbsp;</p>\r\n<p>\r\n	Unser Ziel ist es den Handel von medizinischen Ger&auml;ten zu erm&ouml;glichen und zu beschleunigen.</p>\r\n',1,1,4,14),(8,'dsfsd','dsfsdf',4,1,1,14),(9,'sdfsdf','sdfsdf',4,1,2,14),(10,'sdfsffff','dsfsa',4,1,3,14),(11,'sdfsd','sdsdfsd',4,1,4,14),(12,'dasdsad','asdasdsad',2,1,3,14),(13,'asdsada','sadasdasdsad',2,1,4,14),(14,'welcome','fdsfsdfs',1,1,4,24),(15,'about us','dsfsdfsdf',4,1,4,24),(16,'welcome','<div>\r\n	<img alt=\"MedTechTrade\" border=\"0\" src=\"images/stories/frontpage-peru.png\" style=\"border: 0pt none;\" /></div>\r\n<div class=\"contentheading\" style=\"margin-bottom:10px;\">\r\n	<br />\r\n	Bienvenido a MedTechTrade Per&uacute;</div>\r\n<p>\r\n	MedTechTrade es su especialista suizo en la compra y venta a nivel mundial de equipamiento m&eacute;dico usado y reacondicionado.</p>\r\n<p>\r\n	&nbsp;</p>\r\n<h3>\r\n	Equipos medicos suizos a su alcanze</h3>\r\n<p>\r\n	<strong><img alt=\"flag ch\" border=\"0\" src=\"images/stories/flag_CH.png\" style=\"border: 0pt none;\" /> MedTechTrade</strong> es una empresa suiza, dedicada a la venta de de equipamento medico reacondicionado de marcas l&iacute;deres en el mercado mundial.</p>\r\n<p>\r\n	<strong><img alt=\"flag ch\" border=\"0\" src=\"images/stories/flag_CH.png\" style=\"border: 0pt none;\" /> </strong><strong>MedTechTrade</strong> contribuye con equipamiento m&eacute;dico proveniente de Suiza, Alemania y Austria que responde a las exigencias de nuestros clientes, aplicando especial cuidado para que distintos par&aacute;metros como calidad, confiabilidad, precisi&oacute;n, flexibilidad y ahorro en costos de mantenci&oacute;n, se cumplan.</p>',1,1,3,1),(17,'about us','<p>\r\n	<span class=\"contentheading\">Sobre nosotros</span></p>\r\n<p>\r\n	MedTechTrade es una empresa internacional con origen en Suiza y se dedica a la compra y venta de equipos medicos nuevos y reacondicionados.</p>\r\n<p>\r\n	Nosotros nos especializamos en encontrar los equipos m&eacute;dicos que usted necesitan de alta calida a precios accesibles. Nuestro objetivo es facilitar la acquisi&oacute;n de equipos medicos a trav&eacute;z de nuestra plataforma. Ofrecemos una plataforma de compra y venta &uacute;nica, donde se puede comparar entre los modelos y fabricantes m&aacute;s reconocidos para ahorar tiempo y dinero.</p>\r\n<p>\r\n	Para asegurarnos de la satisfacci&oacute;n de nuestros clientes, nosotros seguimos el est&aacute;ndar m&aacute;s alto de calidad y empleamos solo profesionales altamente calificados y entrenados para reacondicionar cada equipo de acuerdo con las especificaciones originales del fabricante.<br />\r\n	<strong><br />\r\n	Todos nuestros equipos son acompa&ntilde;ados de una garant&iacute;a.</strong></p>\r\n<p>\r\n	<strong><br />\r\n	</strong></p>\r\n<h3>\r\n	Nuestro Equipo</h3>\r\n<table border=\"0\">\r\n	<tbody>\r\n		<tr>\r\n			<td style=\"width: 260px; padding-top: 10px;\">\r\n				<p>\r\n					<img border=\"0\" height=\"110\" src=\"images/stories/cl-roland.jpg\" style=\"float: left; border: 0pt none; margin-right:5px;\" width=\"90\" /><strong>Roland Suttner</strong><br />\r\n					Gerente General<br />\r\n					Chile<br />\r\n					&nbsp;</p>\r\n			</td>\r\n			<td style=\"width: 260px; padding-top: 10px;\">\r\n				<img border=\"0\" height=\"110\" src=\"images/stories/cl-darwin.jpg\" style=\"float: left; border: 0pt none; margin-right:5px;\" width=\"90\" /><strong>Darwin Lagos Veloso</strong><br />\r\n				Ventas y Servicio T&eacute;cnico<br />\r\n				Chile</td>\r\n		</tr>\r\n		<tr>\r\n			<td style=\"padding-top: 10px;\">\r\n				<img border=\"0\" height=\"110\" src=\"images/stories/cl-rosanna.jpg\" style=\"float: left; border: 0pt none; margin-right:5px;\" width=\"90\" /><strong>Rossana D&iacute;az</strong><br />\r\n				Logistica y Administraci&oacute;n<br />\r\n				Chile</td>\r\n			<td style=\"padding-top: 10px;\">\r\n				<p>\r\n					&nbsp;</p>\r\n			</td>\r\n		</tr>\r\n	</tbody>\r\n</table>\r\n<p>\r\n	&nbsp;</p>\r\n<hr />\r\n<p>\r\n	&nbsp;</p>\r\n<table border=\"0\">\r\n	<tbody>\r\n		<tr>\r\n			<td style=\"width: 260px; padding-top: 10px;\">\r\n				<img border=\"0\" height=\"110\" src=\"images/stories/ch-thomas.jpg\" style=\"float: left; margin-right: 5px; border: 0pt none;\" width=\"90\" /><strong>Thomas Zaugg</strong><br />\r\n				Gerente General<br />\r\n				Suiza<br />\r\n				&nbsp;</td>\r\n			<td style=\"width: 260px; padding-top: 10px;\">\r\n				<img border=\"0\" height=\"110\" src=\"images/stories/ch-erika.jpg\" style=\"float: left; margin-right: 5px; border: 0pt none;\" width=\"90\" /><strong>Erika G&uuml;nther</strong><br />\r\n				Logistica y Administraci&oacute;n<br />\r\n				Suiza</td>\r\n		</tr>\r\n		<tr>\r\n			<td style=\"padding-top: 10px;\">\r\n				<img border=\"0\" height=\"110\" src=\"images/stories/ch-margareta.jpg\" style=\"float: left; margin-right: 5px; border: 0pt none;\" width=\"90\" /><strong>Margareta Deszynski</strong><br />\r\n				Ventas y Marketing<br />\r\n				Suiza</td>\r\n			<td style=\"padding-top: 10px;\">\r\n				<p>\r\n					&nbsp;</p>\r\n			</td>\r\n		</tr>\r\n	</tbody>\r\n</table>\r\n',4,1,3,1),(18,'welcome','<div>\r\n	<img alt=\"MedTechTrade\" border=\"0\" src=\"images/stories/frontpage-chile.jpg\" style=\"border: 0pt none;\" /></div>\r\n<div class=\"contentheading\" style=\"margin-bottom:10px;\">\r\n	<br />\r\n	Bienvenido a MedTechTrade Chile</div>\r\n<p>\r\n	MedTechTrade es su especialista suizo en la compra y venta a nivel mundial de equipamiento m&eacute;dico usado y reacondicionado.</p>\r\n<p>\r\n	&nbsp;</p>\r\n<h3>\r\n	Equipos medicos suizos a su alcanze</h3>\r\n<p>\r\n	<strong><img alt=\"flag ch\" border=\"0\" src=\"images/stories/flag_CH.png\" style=\"border: 0pt none;\" /> MedTechTrade</strong> es una empresa suiza, dedicada a la venta de de equipamento medico reacondicionado de marcas l&iacute;deres en el mercado mundial.</p>\r\n<p>\r\n	<strong><img alt=\"flag ch\" border=\"0\" src=\"images/stories/flag_CH.png\" style=\"border: 0pt none;\" /> </strong><strong>MedTechTrade</strong> contribuye con equipamiento m&eacute;dico proveniente de Suiza, Alemania y Austria que responde a las exigencias de nuestros clientes, aplicando especial cuidado para que distintos par&aacute;metros como calidad, confiabilidad, precisi&oacute;n, flexibilidad y ahorro en costos de mantenci&oacute;n, se cumplan.</p>',1,1,3,161),(19,'about us','<p>\r\n	<span class=\"contentheading\">Sobre nosotros</span></p>\r\n<p>\r\n	MedTechTrade es una empresa internacional con origen en Suiza y se dedica a la compra y venta de equipos medicos nuevos y reacondicionados.</p>\r\n<p>\r\n	Nosotros nos especializamos en encontrar los equipos m&eacute;dicos que usted necesitan de alta calida a precios accesibles. Nuestro objetivo es facilitar la acquisi&oacute;n de equipos medicos a trav&eacute;z de nuestra plataforma. Ofrecemos una plataforma de compra y venta &uacute;nica, donde se puede comparar entre los modelos y fabricantes m&aacute;s reconocidos para ahorar tiempo y dinero.</p>\r\n<p>\r\n	Para asegurarnos de la satisfacci&oacute;n de nuestros clientes, nosotros seguimos el est&aacute;ndar m&aacute;s alto de calidad y empleamos solo profesionales altamente calificados y entrenados para reacondicionar cada equipo de acuerdo con las especificaciones originales del fabricante.<br />\r\n	<strong><br />\r\n	Todos nuestros equipos son acompa&ntilde;ados de una garant&iacute;a.</strong></p>\r\n<p>\r\n	<strong><br />\r\n	</strong></p>\r\n<h3>\r\n	Nuestro Equipo</h3>\r\n<table border=\"0\">\r\n	<tbody>\r\n		<tr>\r\n			<td style=\"width: 260px; padding-top: 10px;\">\r\n				<p>\r\n					<img border=\"0\" height=\"110\" src=\"images/stories/cl-roland.jpg\" style=\"float: left; border: 0pt none; margin-right:5px;\" width=\"90\" /><strong>Roland Suttner</strong><br />\r\n					Gerente General<br />\r\n					Chile<br />\r\n					&nbsp;</p>\r\n			</td>\r\n			<td style=\"width: 260px; padding-top: 10px;\">\r\n				<img border=\"0\" height=\"110\" src=\"images/stories/cl-darwin.jpg\" style=\"float: left; border: 0pt none; margin-right:5px;\" width=\"90\" /><strong>Darwin Lagos Veloso</strong><br />\r\n				Ventas y Servicio T&eacute;cnico<br />\r\n				Chile</td>\r\n		</tr>\r\n		<tr>\r\n			<td style=\"padding-top: 10px;\">\r\n				<img border=\"0\" height=\"110\" src=\"images/stories/cl-rosanna.jpg\" style=\"float: left; border: 0pt none; margin-right:5px;\" width=\"90\" /><strong>Rossana D&iacute;az</strong><br />\r\n				Logistica y Administraci&oacute;n<br />\r\n				Chile</td>\r\n			<td style=\"padding-top: 10px;\">\r\n				<p>\r\n					&nbsp;</p>\r\n			</td>\r\n		</tr>\r\n	</tbody>\r\n</table>\r\n<p>\r\n	&nbsp;</p>\r\n<hr />\r\n<p>\r\n	&nbsp;</p>\r\n<table border=\"0\">\r\n	<tbody>\r\n		<tr>\r\n			<td style=\"width: 260px; padding-top: 10px;\">\r\n				<img border=\"0\" height=\"110\" src=\"images/stories/ch-thomas.jpg\" style=\"float: left; margin-right: 5px; border: 0pt none;\" width=\"90\" /><strong>Thomas Zaugg</strong><br />\r\n				Gerente General<br />\r\n				Suiza<br />\r\n				&nbsp;</td>\r\n			<td style=\"width: 260px; padding-top: 10px;\">\r\n				<img border=\"0\" height=\"110\" src=\"images/stories/ch-erika.jpg\" style=\"float: left; margin-right: 5px; border: 0pt none;\" width=\"90\" /><strong>Erika G&uuml;nther</strong><br />\r\n				Logistica y Administraci&oacute;n<br />\r\n				Suiza</td>\r\n		</tr>\r\n		<tr>\r\n			<td style=\"padding-top: 10px;\">\r\n				<img border=\"0\" height=\"110\" src=\"images/stories/ch-margareta.jpg\" style=\"float: left; margin-right: 5px; border: 0pt none;\" width=\"90\" /><strong>Margareta Deszynski</strong><br />\r\n				Ventas y Marketing<br />\r\n				Suiza</td>\r\n			<td style=\"padding-top: 10px;\">\r\n				<p>\r\n					&nbsp;</p>\r\n			</td>\r\n		</tr>\r\n	</tbody>\r\n</table>\r\n',4,1,3,161),(20,'welcome','<div>\r\n	<img alt=\"MedTechTrade\" border=\"0\" src=\"images/stories/frontpage-image.jpg\" /></div>\r\n<div class=\"contentheading\" style=\"margin-bottom:10px;\">\r\n	<br />\r\n	Willkommen</div>\r\n<p>\r\n	<strong>MedTechTrade</strong> ist eine weltweite Handelsorganisation von medizinischen Ger&auml;ten f&uuml;r Firmen und Organisationen. Unser Ziel ist es den Handel von medizinischen Ger&auml;ten zu erm&ouml;glichen und zu beschleunigen.</p>\r\n<p>\r\n	<strong>Bitte w&auml;hlen Sie Ihr Interessengebiet:</strong></p>\r\n<p>\r\n	<a href=\"index.php?option=com_content&amp;view=article&amp;id=68&amp;Itemid=56&amp;lang=de\"><img alt=\"Medizintechnik verkaufen\" border=\"0\" height=\"102\" src=\"images/stories/bot1.png\" width=\"251\" /></a><a href=\"index.php?option=com_adsmanager&amp;page=front&amp;Itemid=170&amp;lang=de\"><img alt=\"Medizintechnik verkaufen\" border=\"0\" height=\"102\" src=\"images/stories/bot2.png\" style=\"border: 0pt none; margin-left:18px;\" width=\"251\" /></a></p>',1,1,4,99),(21,'about us','<p>\r\n	<span class=\"contentheading\">&Uuml;ber uns</span></p>\r\n<p>\r\n	MedTechTrade ist eine Schweizer Firma, welche erneuerte Ger&auml;te aus zweiter Hand von f&uuml;hrenden Medizintechnikherstellern weltweit anbietet.</p>\r\n<p>\r\n	Wir liefern medizinische Ger&auml;te aus der Schweiz, Deutschland, &Ouml;sterreich und anderen europ&auml;ischen L&auml;ndern ganz auf die Bed&uuml;rfnisse unserer Kunden zugeschnitten.</p>\r\n<p>\r\n	Wir legen besonderen Wert auf Qualit&auml;t, Zuverl&auml;ssigkeit, Flexibilit&auml;t und k&ouml;nnen Ihnen Kosteneinsparung bei der Anschaffung von Ger&auml;ten sowie beim technischen Service bieten.</p>\r\n<p>\r\n	Unsere Kunden sind Krankenh&auml;user, Labore und medizinische Forschungseinrichtungen. Wir sind direkt f&uuml;r Sie da in der Schweiz, Polen, Peru und Chile.</p>\r\n<p>\r\n	<strong>Bei Interesse kontaktieren Sie uns noch heut.</strong></p>\r\n<p>\r\n	<strong><br />\r\n	</strong></p>\r\n<h3>\r\n	Unser Team</h3>\r\n<table border=\"0\">\r\n	<tbody>\r\n		<tr>\r\n			<td style=\"width: 260px; padding-top: 10px;\">\r\n				<img border=\"0\" height=\"110\" src=\"images/stories/ch-thomas.jpg\" style=\"float: left; margin-right: 5px; border: 0pt none;\" width=\"90\" /><strong>Thomas Zaugg</strong><br />\r\n				General Manager<br />\r\n				Schweiz<br />\r\n				&nbsp;</td>\r\n			<td style=\"width: 260px; padding-top: 10px;\">\r\n				<img border=\"0\" height=\"110\" src=\"images/stories/ch-erika.jpg\" style=\"float: left; margin-right: 5px; border: 0pt none;\" width=\"90\" /><strong>Erika G&uuml;nther</strong><br />\r\n				Backoffice &amp; Customer Support<br />\r\n				Schweiz</td>\r\n		</tr>\r\n		<tr>\r\n			<td style=\"padding-top: 10px;\">\r\n				<img border=\"0\" height=\"110\" src=\"images/stories/ch-margareta.jpg\" style=\"float: left; margin-right: 5px; border: 0pt none;\" width=\"90\" /><strong>Margareta Deszynski</strong><br />\r\n				<span lang=\"EN-GB\">Sales Support</span><br />\r\n				Schweiz</td>\r\n			<td style=\"padding-top: 10px;\">\r\n				<p>\r\n					&nbsp;</p>\r\n			</td>\r\n		</tr>\r\n	</tbody>\r\n</table>\r\n<p>\r\n	&nbsp;</p>\r\n<hr />\r\n<p>\r\n	&nbsp;</p>\r\n<table border=\"0\">\r\n	<tbody>\r\n		<tr>\r\n			<td style=\"width: 260px; padding-top: 10px;\">\r\n				<p>\r\n					<img border=\"0\" height=\"110\" src=\"images/stories/cl-roland.jpg\" style=\"float: left; border: 0pt none; margin-right:5px;\" width=\"90\" /><strong>Roland Suttner</strong><br />\r\n					General Manager<br />\r\n					Chile<br />\r\n					&nbsp;</p>\r\n			</td>\r\n			<td style=\"width: 260px; padding-top: 10px;\">\r\n				<img border=\"0\" height=\"110\" src=\"images/stories/cl-darwin.jpg\" style=\"float: left; border: 0pt none; margin-right:5px;\" width=\"90\" /><strong>Darwin Lagos Veloso</strong><br />\r\n				Sales Support und technischer Service<br />\r\n				Chile</td>\r\n		</tr>\r\n		<tr>\r\n			<td style=\"padding-top: 10px;\">\r\n				<img border=\"0\" height=\"110\" src=\"images/stories/cl-rosanna.jpg\" style=\"float: left; border: 0pt none; margin-right:5px;\" width=\"90\" /><strong>Rossana D&iacute;az</strong><br />\r\n				Logistik und Administration<br />\r\n				Chile</td>\r\n			<td style=\"padding-top: 10px;\">\r\n				<p>\r\n					&nbsp;</p>\r\n			</td>\r\n		</tr>\r\n	</tbody>\r\n</table>\r\n',4,1,4,99);

/*Table structure for table `paises` */

DROP TABLE IF EXISTS `paises`;

CREATE TABLE `paises` (
  `id` int(11) NOT NULL AUTO_INCREMENT,
  `nombre` varchar(150) NOT NULL,
  `code` varchar(10) NOT NULL,
  `active` int(11) NOT NULL DEFAULT '1',
  `integrate` int(11) DEFAULT NULL,
  `idioma` int(11) DEFAULT NULL,
  PRIMARY KEY (`id`)
) ENGINE=InnoDB AUTO_INCREMENT=501 DEFAULT CHARSET=utf8;

/*Data for the table `paises` */

insert  into `paises`(id,nombre,code,active,integrate,idioma) values (1,'PERU','PE',1,1,3),(2,'FRANCE','FR',1,NULL,NULL),(3,'ITALY','IT',1,NULL,NULL),(4,'UNITED ARAB EMIRATES','AE',1,NULL,NULL),(5,'SWEDEN','SE',1,0,4),(6,'KAZAKHSTAN','KZ',1,NULL,NULL),(7,'PORTUGAL','PT',1,NULL,NULL),(8,'GREECE','GR',1,NULL,NULL),(9,'SAUDI ARABIA','SA',1,NULL,NULL),(10,'RUSSIAN FEDERATION','RU',1,NULL,NULL),(11,'UNITED KINGDOM','GB',1,NULL,NULL),(12,'DENMARK','DK',1,NULL,NULL),(13,'HONG KONG','HK',1,NULL,NULL),(14,'UNITED STATES','US',1,NULL,NULL),(15,'INDIA','IN',1,NULL,NULL),(16,'BRAZIL','BR',1,NULL,NULL),(17,'CANADA','CA',1,NULL,NULL),(18,'PUERTO RICO','PR',1,NULL,NULL),(19,'NETHERLANDS','NL',1,NULL,NULL),(20,'ARGENTINA','AR',1,NULL,NULL),(21,'BAHAMAS','BS',1,NULL,NULL),(22,'DOMINICA','DM',1,NULL,NULL),(23,'BELGIUM','BE',1,NULL,NULL),(24,'GERMANY','DE',1,1,4),(25,'IRELAND','IE',1,NULL,NULL),(26,'SOUTH AFRICA','ZA',1,NULL,NULL),(27,'MAURITIUS','MU',1,NULL,NULL),(28,'EGYPT','EG',1,NULL,NULL),(29,'MOROCCO','MA',1,NULL,NULL),(30,'NIGERIA','NG',1,NULL,NULL),(31,'GABON','GA',1,NULL,NULL),(32,'NAMIBIA','NA',1,NULL,NULL),(33,'RWANDA','RW',1,NULL,NULL),(34,'MADAGASCAR','MG',1,NULL,NULL),(35,'MAURITANIA','MR',1,NULL,NULL),(36,'TANZANIA, UNITED REPUBLIC OF','TZ',1,NULL,NULL),(37,'COTE D\'IVOIRE','CI',1,NULL,NULL),(38,'GHANA','GH',1,NULL,NULL),(39,'ZIMBABWE','ZW',1,NULL,NULL),(40,'BENIN','BJ',1,NULL,NULL),(41,'CONGO','CG',1,NULL,NULL),(42,'CAMEROON','CM',1,NULL,NULL),(43,'CONGO, THE DEMOCRATIC REPUBLIC OF THE','CD',1,NULL,NULL),(44,'MALAWI','MW',1,NULL,NULL),(45,'UGANDA','UG',1,NULL,NULL),(46,'MOZAMBIQUE','MZ',1,NULL,NULL),(47,'NIGER','NE',1,NULL,NULL),(48,'KENYA','KE',1,NULL,NULL),(49,'BOTSWANA','BW',1,NULL,NULL),(50,'ANGOLA','AO',1,NULL,NULL),(51,'LIBERIA','LR',1,NULL,NULL),(52,'ZAMBIA','ZM',1,NULL,NULL),(53,'SEYCHELLES','SC',1,NULL,NULL),(54,'LESOTHO','LS',1,NULL,NULL),(55,'SIERRA LEONE','SL',1,NULL,NULL),(56,'ALGERIA','DZ',1,NULL,NULL),(57,'CAYMAN ISLANDS','KY',1,NULL,NULL),(58,'CUBA','CU',1,NULL,NULL),(59,'SENEGAL','SN',1,NULL,NULL),(60,'COMOROS','KM',1,NULL,NULL),(61,'BRITISH INDIAN OCEAN TERRITORY','IO',1,NULL,NULL),(62,'ICELAND','IS',1,NULL,NULL),(63,'SUDAN','SD',1,NULL,NULL),(64,'MALI','ML',1,NULL,NULL),(65,'BURKINA FASO','BF',1,NULL,NULL),(66,'SWAZILAND','SZ',1,NULL,NULL),(67,'TOGO','TG',1,NULL,NULL),(68,'LIBYAN ARAB JAMAHIRIYA','LY',1,NULL,NULL),(69,'REUNION','RE',1,NULL,NULL),(70,'CAPE VERDE','CV',1,NULL,NULL),(71,'EQUATORIAL GUINEA','GQ',1,NULL,NULL),(72,'CENTRAL AFRICAN REPUBLIC','CF',1,NULL,NULL),(73,'GAMBIA','GM',1,NULL,NULL),(74,'TUNISIA','TN',1,NULL,NULL),(75,'JAPAN','JP',1,NULL,NULL),(76,'AUSTRALIA','AU',1,NULL,NULL),(77,'TURKEY','TR',1,NULL,NULL),(78,'SPAIN','ES',1,NULL,NULL),(79,'POLAND','PL',1,1,2),(80,'LATVIA','LV',1,NULL,NULL),(81,'UKRAINE','UA',1,NULL,NULL),(82,'IRAN, ISLAMIC REPUBLIC OF','IR',1,NULL,NULL),(83,'BELARUS','BY',1,NULL,NULL),(84,'CZECH REPUBLIC','CZ',1,NULL,NULL),(85,'PALESTINIAN TERRITORY, OCCUPIED','PS',1,NULL,NULL),(86,'SERBIA','RS',1,NULL,NULL),(87,'BULGARIA','BG',1,NULL,NULL),(88,'OMAN','OM',1,NULL,NULL),(89,'GEORGIA','GE',1,NULL,NULL),(90,'ROMANIA','RO',1,NULL,NULL),(91,'NORWAY','NO',1,NULL,NULL),(92,'ARMENIA','AM',1,NULL,NULL),(93,'ALBANIA','AL',1,NULL,NULL),(94,'CYPRUS','CY',1,NULL,NULL),(95,'ISRAEL','IL',1,NULL,NULL),(96,'HUNGARY','HU',1,NULL,NULL),(97,'SLOVENIA','SI',1,NULL,NULL),(98,'AUSTRIA','AT',1,NULL,NULL),(99,'SWITZERLAND','CH',1,1,4),(100,'THAILAND','TH',1,NULL,NULL),(101,'CHINA','CN',1,NULL,NULL),(102,'MALAYSIA','MY',1,NULL,NULL),(103,'PAKISTAN','PK',1,NULL,NULL),(104,'NEW ZEALAND','NZ',1,NULL,NULL),(105,'KOREA, REPUBLIC OF','KR',1,NULL,NULL),(106,'SINGAPORE','SG',1,NULL,NULL),(107,'BANGLADESH','BD',1,NULL,NULL),(108,'INDONESIA','ID',1,NULL,NULL),(109,'PHILIPPINES','PH',1,NULL,NULL),(110,'TAIWAN, PROVINCE OF CHINA','TW',1,NULL,NULL),(111,'AFGHANISTAN','AF',1,NULL,NULL),(112,'VIET NAM','VN',1,NULL,NULL),(113,'PANAMA','PA',1,NULL,NULL),(114,'BRUNEI DARUSSALAM','BN',1,NULL,NULL),(115,'MONTENEGRO','ME',1,NULL,NULL),(116,'FINLAND','FI',1,NULL,NULL),(117,'IRAQ','IQ',1,NULL,NULL),(118,'TAJIKISTAN','TJ',1,NULL,NULL),(119,'LEBANON','LB',1,NULL,NULL),(120,'MOLDOVA, REPUBLIC OF','MD',1,NULL,NULL),(121,'ESTONIA','EE',1,NULL,NULL),(122,'SLOVAKIA','SK',1,NULL,NULL),(123,'BOSNIA AND HERZEGOVINA','BA',1,NULL,NULL),(124,'KUWAIT','KW',1,NULL,NULL),(125,'LITHUANIA','LT',1,NULL,NULL),(126,'LUXEMBOURG','LU',1,NULL,NULL),(127,'BELIZE','BZ',1,NULL,NULL),(128,'ANTIGUA AND BARBUDA','AG',1,NULL,NULL),(129,'MACEDONIA, THE FORMER YUGOSLAV REPUBLIC OF','MK',1,NULL,NULL),(130,'SAN MARINO','SM',1,NULL,NULL),(131,'SERBIA','CS',1,NULL,NULL),(132,'YUGOSLAVIA','YU',1,NULL,NULL),(133,'HONG KONG','CN',1,NULL,NULL),(134,'VIRGIN ISLANDS, BRITISH','VG',1,NULL,NULL),(135,'MALTA','MT',1,NULL,NULL),(136,'FALKLAND ISLANDS (MALVINAS)','FK',1,NULL,NULL),(137,'BAHRAIN','BH',1,NULL,NULL),(138,'UZBEKISTAN','UZ',1,NULL,NULL),(139,'AZERBAIJAN','AZ',1,NULL,NULL),(140,'MONACO','MC',1,NULL,NULL),(141,'HAITI','HT',1,NULL,NULL),(142,'BOLIVIA','BO',1,NULL,NULL),(143,'GUAM','GU',1,NULL,NULL),(144,'JAMAICA','JM',1,NULL,NULL),(145,'MEXICO','MX',1,NULL,NULL),(146,'ECUADOR','EC',1,NULL,NULL),(147,'BERMUDA','BM',1,NULL,NULL),(148,'COLOMBIA','CO',1,NULL,NULL),(149,'YEMEN','YE',1,NULL,NULL),(150,'SYRIAN ARAB REPUBLIC','SY',1,NULL,NULL),(151,'HONDURAS','HN',1,NULL,NULL),(152,'NICARAGUA','NI',1,NULL,NULL),(153,'DOMINICAN REPUBLIC','DO',1,NULL,NULL),(154,'GUATEMALA','GT',1,NULL,NULL),(155,'VENEZUELA','VE',1,NULL,NULL),(156,'URUGUAY','UY',1,NULL,NULL),(157,'JORDAN','JO',1,NULL,NULL),(158,'COSTA RICA','CR',1,NULL,NULL),(159,'EL SALVADOR','SV',1,NULL,NULL),(160,'CHILE','CL',1,NULL,NULL),(161,'VIRGIN ISLANDS, U.S.','VI',1,1,3),(162,'GIBRALTAR','GI',1,NULL,NULL),(163,'PARAGUAY','PY',1,NULL,NULL),(164,'COOK ISLANDS','CK',1,NULL,NULL),(165,'SAINT KITTS AND NEVIS','KN',1,NULL,NULL),(166,'FIJI','FJ',1,NULL,NULL),(167,'SAMOA','WS',1,NULL,NULL),(168,'MARSHALL ISLANDS','MH',1,NULL,NULL),(169,'NORTHERN MARIANA ISLANDS','MP',1,NULL,NULL),(170,'PALAU','PW',1,NULL,NULL),(171,'ANGUILLA','AI',1,NULL,NULL),(172,'BARBADOS','BB',1,NULL,NULL),(173,'GRENADA','GD',1,NULL,NULL),(174,'SAINT VINCENT AND THE GRENADINES','VC',1,NULL,NULL),(175,'CROATIA','HR',1,NULL,NULL),(176,'NETHERLANDS ANTILLES','AN',1,NULL,NULL),(177,'GUYANA','GY',1,NULL,NULL),(178,'TRINIDAD AND TOBAGO','TT',1,NULL,NULL),(179,'ARUBA','AW',1,NULL,NULL),(180,'SRI LANKA','LK',1,NULL,NULL),(181,'MALDIVES','MV',1,NULL,NULL),(182,'QATAR','QA',1,NULL,NULL),(183,'NEPAL','NP',1,NULL,NULL),(184,'MONTSERRAT','MS',1,NULL,NULL),(185,'NULL','NULL',1,NULL,NULL),(186,'KYRGYZSTAN','KG',1,NULL,NULL),(187,'BURUNDI','BI',1,NULL,NULL),(188,'UNITED KINGDOM','JE',1,NULL,NULL),(189,'TURKMENISTAN','TM',1,NULL,NULL),(190,'ISLE OF MAN','IM',1,NULL,NULL),(191,'GUINEA','GN',1,NULL,NULL),(192,'MYANMAR','MM',1,NULL,NULL),(193,'PAPUA NEW GUINEA','PG',1,NULL,NULL),(194,'BHUTAN','BT',1,NULL,NULL),(195,'CHAD','TD',1,NULL,NULL),(196,'ALAND ISLANDS','AX',1,NULL,NULL),(197,'LIECHTENSTEIN','LI',1,NULL,NULL),(198,'FAROE ISLANDS','FO',1,NULL,NULL),(199,'SOMALIA','SO',1,NULL,NULL),(200,'ETHIOPIA','ET',1,NULL,NULL),(201,'LAO PEOPLE\'S DEMOCRATIC REPUBLIC','LA',1,NULL,NULL),(202,'MARTINIQUE','MQ',1,NULL,NULL),(203,'GUADELOUPE','GP',1,NULL,NULL),(204,'HOLY SEE (VATICAN CITY STATE)','VA',1,NULL,NULL),(205,'ANDORRA','AD',1,NULL,NULL),(206,'ANTARCTICA','AQ',1,NULL,NULL),(207,'MACAO','MO',1,NULL,NULL),(208,'GREENLAND','GL',1,NULL,NULL),(209,'SURINAME','SR',1,NULL,NULL),(210,'DJIBOUTI','DJ',1,NULL,NULL),(211,'GUINEA-BISSAU','GW',1,NULL,NULL),(212,'ERITREA','ER',1,NULL,NULL),(213,'CAMBODIA','KH',1,NULL,NULL),(214,'MONGOLIA','MN',1,NULL,NULL),(215,'VANUATU','VU',1,NULL,NULL),(216,'NEW CALEDONIA','NC',1,NULL,NULL),(217,'FRENCH POLYNESIA','PF',1,NULL,NULL),(218,'MICRONESIA, FEDERATED STATES OF','FM',1,NULL,NULL),(219,'SAO TOME AND PRINCIPE','ST',1,NULL,NULL),(220,'AMERICAN SAMOA','AS',1,NULL,NULL),(221,'FRENCH SOUTHERN TERRITORIES','TF',1,NULL,NULL),(222,'FRENCH GUIANA','GF',1,NULL,NULL),(223,'SOUTH GEORGIA AND THE SOUTH SANDWICH ISLANDS','GS',1,NULL,NULL),(224,'SOLOMON ISLANDS','SB',1,NULL,NULL),(225,'TUVALU','TV',1,NULL,NULL),(226,'KIRIBATI','KI',1,NULL,NULL),(227,'TONGA','TO',1,NULL,NULL),(228,'NIUE','NU',1,NULL,NULL),(229,'TOKELAU','TK',1,NULL,NULL),(230,'NORFOLK ISLAND','NF',1,NULL,NULL),(231,'NAURU','NR',1,NULL,NULL),(232,'TURKS AND CAICOS ISLANDS','TC',1,NULL,NULL),(233,'SAINT LUCIA','LC',1,NULL,NULL),(234,'MAYOTTE','YT',1,NULL,NULL),(500,'Others','OT',1,NULL,NULL);

/*Table structure for table `pregunta` */

DROP TABLE IF EXISTS `pregunta`;

CREATE TABLE `pregunta` (
  `id` int(11) NOT NULL AUTO_INCREMENT,
  `categoriapregunta_id` int(11) NOT NULL,
  `equipo_id` int(11) NOT NULL,
  `usuario_id` int(11) NOT NULL,
  `asunto` varchar(120) NOT NULL,
  `formulacion` varchar(255) NOT NULL,
  `fechaformulacion` datetime NOT NULL,
  `fecharespuesta` datetime DEFAULT NULL,
  `respuesta` varchar(255) DEFAULT NULL,
  `copiaEmail` int(11) DEFAULT '0',
  `active` int(11) NOT NULL DEFAULT '1',
  `estado` int(11) DEFAULT '0' COMMENT '0 : no resuelto\n1 : resuelto',
  PRIMARY KEY (`id`),
  KEY `fk_preguntas_categoriapregunta1` (`categoriapregunta_id`),
  KEY `fk_pregunta_usuario1` (`usuario_id`),
  KEY `fk_pregunta_equipo1` (`equipo_id`),
  CONSTRAINT `fk_preguntas_categoriapregunta1` FOREIGN KEY (`categoriapregunta_id`) REFERENCES `categoriapregunta` (`id`) ON DELETE NO ACTION ON UPDATE NO ACTION,
  CONSTRAINT `fk_pregunta_equipo1` FOREIGN KEY (`equipo_id`) REFERENCES `equipo` (`id`) ON DELETE NO ACTION ON UPDATE NO ACTION,
  CONSTRAINT `fk_pregunta_usuario1` FOREIGN KEY (`usuario_id`) REFERENCES `usuario` (`id`) ON DELETE NO ACTION ON UPDATE NO ACTION
) ENGINE=InnoDB DEFAULT CHARSET=utf8;

/*Data for the table `pregunta` */

/*Table structure for table `publicacionequipo` */

DROP TABLE IF EXISTS `publicacionequipo`;

CREATE TABLE `publicacionequipo` (
  `id` int(11) NOT NULL AUTO_INCREMENT,
  `nombre` varchar(255) COLLATE utf8_unicode_ci NOT NULL,
  `active` int(11) NOT NULL DEFAULT '1',
  PRIMARY KEY (`id`)
) ENGINE=InnoDB AUTO_INCREMENT=5 DEFAULT CHARSET=utf8 COLLATE=utf8_unicode_ci;

/*Data for the table `publicacionequipo` */

insert  into `publicacionequipo`(id,nombre,active) values (1,'Pendiente',1),(2,'Activada',1),(3,'Eliminada',1),(4,'Vendido',1);

/*Table structure for table `reserva` */

DROP TABLE IF EXISTS `reserva`;

CREATE TABLE `reserva` (
  `id` bigint(20) NOT NULL AUTO_INCREMENT,
  `equipo_id` int(11) NOT NULL,
  `usuario_id` int(11) NOT NULL,
  `fechagrabacion` datetime DEFAULT NULL,
  `order` int(11) DEFAULT NULL,
  `active` int(11) DEFAULT '1',
  `tipo_reserva_id` int(11) NOT NULL,
  PRIMARY KEY (`id`),
  KEY `fk_favorito__equipo1` (`equipo_id`),
  KEY `fk_favorito__usuario1` (`usuario_id`),
  KEY `fk_reserva_tipo_reserva1` (`tipo_reserva_id`),
  CONSTRAINT `fk_favorito__equipo1` FOREIGN KEY (`equipo_id`) REFERENCES `equipo` (`id`) ON DELETE NO ACTION ON UPDATE NO ACTION,
  CONSTRAINT `fk_favorito__usuario1` FOREIGN KEY (`usuario_id`) REFERENCES `usuario` (`id`) ON DELETE NO ACTION ON UPDATE NO ACTION,
  CONSTRAINT `fk_reserva_tipo_reserva1` FOREIGN KEY (`tipo_reserva_id`) REFERENCES `tipo_reserva` (`id`) ON DELETE NO ACTION ON UPDATE NO ACTION
) ENGINE=InnoDB AUTO_INCREMENT=50 DEFAULT CHARSET=utf8;

/*Data for the table `reserva` */

insert  into `reserva`(id,equipo_id,usuario_id,fechagrabacion,order,active,tipo_reserva_id) values (19,110,103,'2010-09-28 18:40:33',NULL,1,2),(24,154,100,'2010-11-11 09:45:30',NULL,1,2),(28,172,103,'2011-02-02 19:34:47',NULL,1,2),(29,178,103,'2011-02-02 19:35:04',NULL,1,2),(30,236,100,'2011-06-02 21:32:11',NULL,1,2),(32,310,103,'2011-07-04 19:35:21',NULL,1,2),(33,308,103,'2011-07-04 19:46:56',NULL,1,2),(34,295,103,'2011-07-04 20:00:00',NULL,1,2),(35,236,170,'2011-07-13 17:21:14',NULL,1,2),(36,354,170,'2011-07-26 22:21:29',NULL,1,2),(37,310,170,'2011-07-26 22:21:37',NULL,1,2),(38,332,170,'2011-07-28 15:01:24',NULL,1,2),(46,361,181,'2011-09-26 16:07:58',NULL,1,2),(47,250,167,'2011-09-26 21:29:44',NULL,1,2),(48,253,167,'2011-09-26 21:46:15',NULL,1,2),(49,247,182,'2011-10-06 12:50:43',NULL,1,2);

/*Table structure for table `tipo_reserva` */

DROP TABLE IF EXISTS `tipo_reserva`;

CREATE TABLE `tipo_reserva` (
  `id` int(11) NOT NULL AUTO_INCREMENT,
  `nombre` varchar(45) NOT NULL,
  `active` int(11) NOT NULL DEFAULT '1',
  PRIMARY KEY (`id`)
) ENGINE=InnoDB AUTO_INCREMENT=3 DEFAULT CHARSET=utf8 COMMENT='Categoria de equipo usuario:\n- Reserva\n- Add Favorito';

/*Data for the table `tipo_reserva` */

insert  into `tipo_reserva`(id,nombre,active) values (1,'Reserva',1),(2,'Favorito',1);

/*Table structure for table `tipousuario` */

DROP TABLE IF EXISTS `tipousuario`;

CREATE TABLE `tipousuario` (
  `id` int(11) NOT NULL AUTO_INCREMENT,
  `nombre` varchar(100) NOT NULL,
  `active` int(11) NOT NULL DEFAULT '1',
  PRIMARY KEY (`id`)
) ENGINE=InnoDB AUTO_INCREMENT=4 DEFAULT CHARSET=utf8;

/*Data for the table `tipousuario` */

insert  into `tipousuario`(id,nombre,active) values (1,'Manager',1),(2,'Registered',1),(3,'User',1);

/*Table structure for table `traducciones` */

DROP TABLE IF EXISTS `traducciones`;

CREATE TABLE `traducciones` (
  `id` int(11) NOT NULL AUTO_INCREMENT,
  `idiomas_id` int(11) NOT NULL,
  `nombretabla` varchar(250) NOT NULL,
  `nombrecampo` varchar(150) NOT NULL,
  `texto` text NOT NULL,
  PRIMARY KEY (`id`),
  KEY `fk_traducciones_idiomas1` (`idiomas_id`),
  CONSTRAINT `fk_traducciones_idiomas1` FOREIGN KEY (`idiomas_id`) REFERENCES `idiomas` (`id`) ON DELETE NO ACTION ON UPDATE NO ACTION
) ENGINE=InnoDB DEFAULT CHARSET=utf8;

/*Data for the table `traducciones` */

/*Table structure for table `usuario` */

DROP TABLE IF EXISTS `usuario`;

CREATE TABLE `usuario` (
  `id` int(11) NOT NULL AUTO_INCREMENT,
  `nombre` varchar(200) COLLATE utf8_unicode_ci DEFAULT NULL,
  `apellido` varchar(200) COLLATE utf8_unicode_ci DEFAULT NULL,
  `email` varchar(150) COLLATE utf8_unicode_ci DEFAULT NULL,
  `login` varchar(70) COLLATE utf8_unicode_ci DEFAULT NULL,
  `clave` varchar(90) COLLATE utf8_unicode_ci DEFAULT NULL,
  `tipousuario_id` int(11) NOT NULL,
  `sendemail` int(11) DEFAULT NULL,
  `fecharegistro` datetime NOT NULL,
  `ultimavisita` datetime NOT NULL,
  `activacion` varchar(200) COLLATE utf8_unicode_ci DEFAULT NULL,
  `active` int(11) DEFAULT '0',
  `direccion` varchar(200) COLLATE utf8_unicode_ci DEFAULT NULL,
  `codpostal` varchar(100) COLLATE utf8_unicode_ci NOT NULL,
  `ciudad` varchar(150) COLLATE utf8_unicode_ci NOT NULL,
  `institucion` varchar(200) COLLATE utf8_unicode_ci DEFAULT NULL,
  `paises_id` int(11) NOT NULL,
  `direccionoficina` varchar(200) COLLATE utf8_unicode_ci DEFAULT NULL,
  `direccionfactura` varchar(200) COLLATE utf8_unicode_ci DEFAULT NULL,
  `tratamiento` int(11) DEFAULT NULL COMMENT '0 Sr, 1 Sra/Srta',
  `telefono` varchar(45) COLLATE utf8_unicode_ci DEFAULT NULL,
  `fax` varchar(45) COLLATE utf8_unicode_ci DEFAULT NULL,
  `fechamodificacion` datetime DEFAULT NULL,
  `direccion1` varchar(200) COLLATE utf8_unicode_ci DEFAULT NULL,
  `direccion2` varchar(200) COLLATE utf8_unicode_ci DEFAULT NULL,
  PRIMARY KEY (`id`),
  KEY `fk_usuario_tipousuario1` (`tipousuario_id`),
  KEY `fk_usuario_paises1` (`paises_id`),
  CONSTRAINT `fk_usuario_paises1` FOREIGN KEY (`paises_id`) REFERENCES `paises` (`id`) ON DELETE NO ACTION ON UPDATE NO ACTION,
  CONSTRAINT `fk_usuario_tipousuario1` FOREIGN KEY (`tipousuario_id`) REFERENCES `tipousuario` (`id`) ON DELETE NO ACTION ON UPDATE NO ACTION
) ENGINE=InnoDB AUTO_INCREMENT=193 DEFAULT CHARSET=utf8 COLLATE=utf8_unicode_ci;

/*Data for the table `usuario` */

insert  into `usuario`(id,nombre,apellido,email,login,clave,tipousuario_id,sendemail,fecharegistro,ultimavisita,activacion,active,direccion,codpostal,ciudad,institucion,paises_id,direccionoficina,direccionfactura,tratamiento,telefono,fax,fechamodificacion,direccion1,direccion2) values (3,'Luis','mayta mamani','slovacus1@gmail.com1','admin','sha1$87711$488758631b7e41e578f9b4b95d96cecfa288f696',1,NULL,'0000-00-00 00:00:00','0000-00-00 00:00:00',NULL,1,'mi casa','1414','Lima','master',1,NULL,NULL,NULL,NULL,NULL,NULL,NULL,NULL),(6,'Luis alberto','mayta mamani','slovacus3@gmail.com','usuario','sha1$6319f$7dda231dcf59e9fba26dc7d23a1513b61084595b',3,NULL,'0000-00-00 00:00:00','0000-00-00 00:00:00',NULL,1,'mi casa','1414','Lima','Stocker Group',1,NULL,NULL,1,'','',NULL,NULL,NULL),(62,'MTT Administrator',NULL,'admin@medtechtrade.com','admin','sha1$87711$488758631b7e41e578f9b4b95d96cecfa288f696',1,1,'2008-05-12 22:20:30','2011-10-31 03:29:51','50126f0519ab7f93bc0a44ae30fb2f4d',1,'Via Lactea #9406','','','Estoy en el hospital',500,NULL,NULL,NULL,'131324','',NULL,NULL,NULL),(96,'Tomy Bolanos',NULL,'user@localhost.com','tomy','sha1$87711$488758631b7e41e578f9b4b95d96cecfa288f696',2,0,'2009-02-20 15:35:41','2009-02-22 07:32:08','',1,'','','','',500,NULL,NULL,NULL,'','',NULL,NULL,NULL),(98,'thomas',NULL,'contact@medtechtrade.com','thomas','sha1$87711$488758631b7e41e578f9b4b95d96cecfa288f696',1,0,'2009-04-03 21:27:05','2009-04-03 23:33:44','',1,'','','','',500,NULL,NULL,NULL,'','',NULL,NULL,NULL),(99,'thomas.zaugg',NULL,'thomas.zaugg@medtech4you.biz','thomas.zaugg','sha1$87711$488758631b7e41e578f9b4b95d96cecfa288f696',1,0,'2009-05-11 21:48:05','2011-10-07 06:50:42','',1,'','','','',500,NULL,NULL,NULL,'','',NULL,NULL,NULL),(100,'Thomas Zaugg',NULL,'thomas.zaugg@medtechtrade.com','zaugg1','sha1$87711$488758631b7e41e578f9b4b95d96cecfa288f696',2,0,'2009-07-30 23:16:16','2011-10-27 13:06:29','',1,'Bankstrasse 4','8610','Uster','MedTechTrade AG',99,NULL,NULL,NULL,'+41 44 905 19 27','',NULL,NULL,NULL),(103,'Daniel JÃ¤ger',NULL,'djaeger@stockergroup.com','jperez','sha1$87711$488758631b7e41e578f9b4b95d96cecfa288f696',2,0,'2010-08-24 21:00:48','2011-11-01 10:12:52','d7d9f89b2a31ce24bd043a2591afad9e',1,'La ConcepciÃ³n 177','07077','Santiago de Chile','Testhospital21',24,NULL,NULL,NULL,'511 545 45781','0056289202201',NULL,NULL,NULL),(138,'Stanley',NULL,'avek@avek.pl','Avek','sha1$87711$488758631b7e41e578f9b4b95d96cecfa288f696',2,0,'2010-10-06 12:32:17','2010-12-01 10:35:19','cf707beed77ad6429e612ecef59b317b',1,'','','','',79,NULL,NULL,NULL,'','',NULL,NULL,NULL),(140,'Usuario de Pruebas',NULL,'prueba@stockergroup.com','prueba','sha1$87711$488758631b7e41e578f9b4b95d96cecfa288f696',2,0,'2010-11-03 20:06:08','2011-01-14 15:36:34','',1,'','','Santiago','',500,NULL,NULL,NULL,'','',NULL,NULL,NULL),(141,'tolueno7',NULL,'tolueno5@gmail.com','tolueno7','sha1$87711$488758631b7e41e578f9b4b95d96cecfa288f696',2,0,'2010-11-03 20:14:23','2010-11-03 20:14:57','',1,'','','','',500,NULL,NULL,NULL,'','',NULL,NULL,NULL),(142,'Walter Riedemann',NULL,'waltomagno@gmail.com','wriedemann','sha1$87711$488758631b7e41e578f9b4b95d96cecfa288f696',2,0,'2010-11-17 15:24:52','0000-00-00 00:00:00','0163d5cf52a261be56c88de54f4aadc5',1,'','','','',500,NULL,NULL,NULL,'','',NULL,NULL,NULL),(143,'Mario Corti',NULL,'mario.corti@spital.so.ch','Corti','sha1$87711$488758631b7e41e578f9b4b95d96cecfa288f696',2,0,'2010-11-29 11:49:55','2010-12-01 10:39:03','158c4c495898acc3bbea3ea14250891b',1,'','','','',99,NULL,NULL,NULL,'','',NULL,NULL,NULL),(144,'TÃ¶dtli',NULL,'consulting@toedtli.info','Jost','sha1$87711$488758631b7e41e578f9b4b95d96cecfa288f696',2,0,'2010-12-08 15:50:16','0000-00-00 00:00:00','77d193946a7ce68ea9261df1e0a1a9ca',1,'','','','',99,NULL,NULL,NULL,'','',NULL,NULL,NULL),(146,'Daniel JÃ¤ger',NULL,'jaeger.daniel@gmx.de','leon2108','sha1$87711$488758631b7e41e578f9b4b95d96cecfa288f696',2,0,'2010-12-11 19:20:26','0000-00-00 00:00:00','e1dae787ef3000fd20992f5d56d06b55',1,'','','','',500,NULL,NULL,NULL,'','',NULL,NULL,NULL),(149,'MTT Manager',NULL,'manager@medtechtrade.com','manager','sha1$87711$488758631b7e41e578f9b4b95d96cecfa288f696',1,1,'2010-12-13 14:16:12','2010-12-17 14:11:26','',1,'','','','',500,NULL,NULL,NULL,'','',NULL,NULL,NULL),(150,'Dhaval Choksi',NULL,'info@divyameditech.com','divya','sha1$87711$488758631b7e41e578f9b4b95d96cecfa288f696',2,0,'2010-12-24 09:57:54','2010-12-29 06:12:35','bf6a289d9cbfc6092ae215786595650b',1,'','','','',15,NULL,NULL,NULL,'','',NULL,NULL,NULL),(151,'Ilkka Kalli',NULL,'Listakal@mbnet.fi','Listakal','sha1$87711$488758631b7e41e578f9b4b95d96cecfa288f696',2,0,'2011-01-04 13:53:51','2011-05-13 11:04:48','82985c994360d318fe2103d9df1d32a6',1,'','','','',500,NULL,NULL,NULL,'','',NULL,NULL,NULL),(152,'German Ludin',NULL,'german.ludin@medtechtrade.com','GLudin','sha1$87711$488758631b7e41e578f9b4b95d96cecfa288f696',2,0,'2011-01-07 10:22:29','2011-08-30 13:22:46','a1514dd4ce3a878b88c0fe6258093540',1,'','','','',99,NULL,NULL,NULL,'','',NULL,NULL,NULL),(153,'Wim Steffens',NULL,'w.steffens@vennpraxis.de','wimsteffens','sha1$87711$488758631b7e41e578f9b4b95d96cecfa288f696',2,0,'2011-01-11 14:00:23','0000-00-00 00:00:00','4ae96f4a9b365f6466307c58127355be',1,'','','','',24,NULL,NULL,NULL,'','',NULL,NULL,NULL),(156,'radi',NULL,'yassirado@yahoo.de','yassirad0','sha1$87711$488758631b7e41e578f9b4b95d96cecfa288f696',2,0,'2011-01-29 17:41:23','0000-00-00 00:00:00','35be131d47c25984804c808058ffde2d',1,'','89537','Giengen','',24,NULL,NULL,NULL,'','',NULL,NULL,NULL),(157,'Daniel Rey',NULL,'daniel.rey@wineus.ch','Wineus','sha1$87711$488758631b7e41e578f9b4b95d96cecfa288f696',2,0,'2011-02-08 18:08:29','0000-00-00 00:00:00','db90c1fbd29929390eb932bfe2ac5e6d',1,'Stockerstrasse 45','8027','ZÃ¼rich','Berater',99,NULL,NULL,NULL,'','',NULL,NULL,NULL),(158,'Alvaro Reid',NULL,'alvreid@live.com','alvreid','sha1$87711$488758631b7e41e578f9b4b95d96cecfa288f696',2,0,'2011-02-09 15:47:13','2011-02-14 13:39:09','dc81c54b25df04b6d1072efea73d947a',1,'Las trinitarias 7197','8320000','Santiago','Dog Store Chile',160,NULL,NULL,NULL,'','',NULL,NULL,NULL),(160,'German Ludin',NULL,'german.ludin@bluewin.ch','german-mw','sha1$87711$488758631b7e41e578f9b4b95d96cecfa288f696',1,1,'2011-02-21 09:12:06','2011-11-02 15:53:33','',1,'','','','',500,NULL,NULL,NULL,'','',NULL,NULL,NULL),(162,'Carmen Paz Vila HernÃ¡ndez',NULL,'carmen.vila@medtechtrade.com','c.vila.h','sha1$87711$488758631b7e41e578f9b4b95d96cecfa288f696',2,0,'2011-05-03 15:17:22','2011-05-31 16:25:09','69e68820595be6f5822f965ab44713df',1,'La ConcepciÃ³n','7500004','Santiago','Medtechtrade Chile',160,NULL,NULL,NULL,'','',NULL,NULL,NULL),(164,'werner schnell',NULL,'werner.schnell@schnell-medical.com','werner schnell','sha1$87711$488758631b7e41e578f9b4b95d96cecfa288f696',2,0,'2011-06-06 10:18:56','0000-00-00 00:00:00','eaad02598b1af1327585c8a35bbc7889',1,'Seestrasse 295','8804','AU-ZH','schnell medical gmbh',99,NULL,NULL,NULL,'','',NULL,NULL,NULL),(165,'Roland Suttner',NULL,'roland.suttner@medtechtrade.com','rsuttner','sha1$87711$488758631b7e41e578f9b4b95d96cecfa288f696',2,0,'2011-06-09 19:49:04','2011-10-19 17:26:55','',1,'La ConcepciÃ³n 177','00000','Santiago de Chile','MedTechTrade',160,NULL,NULL,NULL,'','',NULL,NULL,NULL),(166,'hussen',NULL,'h_khalil80@hotmail.com','hskhalil','sha1$87711$488758631b7e41e578f9b4b95d96cecfa288f696',2,0,'2011-07-04 11:14:45','0000-00-00 00:00:00','a9386fb996450367abdcbcecc728e323',1,'','','','',119,NULL,NULL,NULL,'','',NULL,NULL,NULL),(167,'Margareta Deszynski_REG',NULL,'Margareta.Deszynski@medtechtrade.com','MDES_REG','sha1$87711$488758631b7e41e578f9b4b95d96cecfa288f696',2,0,'2011-07-08 08:37:52','2011-10-26 20:54:36','',1,'Florastr. 42','','Uster','MedTechtrade',500,NULL,NULL,NULL,'','',NULL,NULL,NULL),(168,'Margareta.Deszynski_MID',NULL,'Margareta.Deszynski.mid@medtechtrade.com','mdes_mid','sha1$87711$488758631b7e41e578f9b4b95d96cecfa288f696',1,0,'2011-07-08 08:39:55','2011-10-26 20:54:31','',1,'','','','',500,NULL,NULL,NULL,'','',NULL,NULL,NULL),(169,'thomas.zaugg_MID',NULL,'thomas.zaugg.mid@medtechtrade.com','thomas.zaugg_MID','sha1$87711$488758631b7e41e578f9b4b95d96cecfa288f696',1,0,'2011-07-08 08:55:08','2011-10-31 08:03:55','',1,'','','','',500,NULL,NULL,NULL,'','',NULL,NULL,NULL),(170,'Projektteam FHNW',NULL,'melanie.humbel@students.fhnw.ch','FHNW','sha1$87711$488758631b7e41e578f9b4b95d96cecfa288f696',2,0,'2011-07-11 10:09:58','2011-08-07 16:49:09','3bb3d16862e2e6e690a71735ffb9ba65',1,'','5200','Brugg','',99,NULL,NULL,NULL,'','',NULL,NULL,NULL),(171,'THANH',NULL,'nghequangltd@yahoo.com.vn','TRUONG','sha1$87711$488758631b7e41e578f9b4b95d96cecfa288f696',2,0,'2011-07-27 12:06:29','0000-00-00 00:00:00','efa3c8ac46b366f6e24cb783104e658f',1,'','70000','HO CHI MINH','NGHE QUANG COMPANY',500,NULL,NULL,NULL,'','',NULL,NULL,NULL),(173,'JosÃ©',NULL,'joctroncoso@gmail.com','Troncoso','sha1$87711$488758631b7e41e578f9b4b95d96cecfa288f696',2,0,'2011-09-01 15:01:46','2011-09-14 19:07:30','46ac017652d60b590b39ad6775b6e907',1,'Alvar Alto 1183','7650649','Santiago','MedTech Trade',160,NULL,NULL,NULL,'','',NULL,NULL,NULL),(174,'gueorky navarrete',NULL,'veterlab@live.com','veterlab','sha1$87711$488758631b7e41e578f9b4b95d96cecfa288f696',2,0,'2011-09-05 05:04:53','2011-09-05 13:57:21','d227bfcffe2b2ce6327f85e7113f159f',1,'jr. los blanquillos 257','001','lima','veterlab',99,NULL,NULL,NULL,'','',NULL,NULL,NULL),(175,'Renna',NULL,'r.renna@emostechnology.com','Emos','sha1$87711$488758631b7e41e578f9b4b95d96cecfa288f696',2,0,'2011-09-16 11:02:22','2011-09-19 13:57:02','ac54a2476050c49145451d8e8b3791bf',1,'Gewerbestr. 10','88636','Illmensee','Hersteller & HÃ¤ndler',24,NULL,NULL,NULL,'','',NULL,NULL,NULL),(176,'Leslaw',NULL,'biuro@wideoendoskopia.pl','Jaworski','sha1$87711$488758631b7e41e578f9b4b95d96cecfa288f696',2,0,'2011-09-20 11:19:22','2011-09-20 10:11:18','11fc2503d1b70f8e3b30007d308ada4b',1,'film mojego urodzenia','52316','Wroclaw','WIDEOENDOSKOPIA.PL',79,NULL,NULL,NULL,'','',NULL,NULL,NULL),(177,'Okechukwu Usim',NULL,'okeyusim@gmail.com','okeyusim','sha1$87711$488758631b7e41e578f9b4b95d96cecfa288f696',2,0,'2011-09-21 08:43:42','2011-09-22 06:37:05','d78004c5732a6e3daf51c24ae34aec82',1,'Cardiology Equipments','101014','Lagos','Dynamic Health Initiatives',30,NULL,NULL,NULL,'','',NULL,NULL,NULL),(178,'Porfido',NULL,'raffaele.porfido@hotmail.com','Raffaele','sha1$87711$488758631b7e41e578f9b4b95d96cecfa288f696',2,0,'2011-09-23 11:39:02','0000-00-00 00:00:00','e05f65a6ff1f16a032c928f7d2a1156a',1,'','8408','Winterthur','',99,NULL,NULL,NULL,'','',NULL,NULL,NULL),(179,'Aleksandra Rogger',NULL,'aleksandra.rogger@medtechtrade.com','ARogger','sha1$87711$488758631b7e41e578f9b4b95d96cecfa288f696',2,0,'2011-09-23 11:45:09','2011-10-19 07:39:23','fc507eca0fea6362c5a1b3292ee38061',1,'SchÃ¶neggstrasse 6','8707','Uetikon am See','',99,NULL,NULL,NULL,'','',NULL,NULL,NULL),(180,'Jose Monros Silla',NULL,'josemonros@hotmail.com','mosijo','sha1$87711$488758631b7e41e578f9b4b95d96cecfa288f696',2,0,'2011-09-23 15:41:22','2011-09-25 17:11:24','ed668661ca1b08a21cebf476f70541ea',1,'san pancracio 6','46120','alboraya','',78,NULL,NULL,NULL,'','',NULL,NULL,NULL),(181,'Teresa Chunga',NULL,'tj.chunga@gmail.com','tjche','sha1$87711$488758631b7e41e578f9b4b95d96cecfa288f696',2,0,'2011-09-24 20:06:38','2011-10-28 14:04:14','8c6e0322773f42626273b1e70cae1f5d',1,'Pando','lim1','lima','Maemil',206,NULL,NULL,NULL,'','',NULL,NULL,NULL),(182,'Nitz',NULL,'mathias.nitz@ap-bremen.de','anpraxbremen','sha1$87711$488758631b7e41e578f9b4b95d96cecfa288f696',2,0,'2011-10-01 21:33:59','2011-10-06 10:49:27','49f1ebd7e3f03f484e43fb43a9b6edf5',1,'UniversitÃ¤tsallee 3','D - 28359','Bremen','AnÃ¤sthesie Praxis Bremen',24,NULL,NULL,NULL,'','',NULL,NULL,NULL),(183,'TCHAOU',NULL,'joseph_tchaou@yahoo.fr','tcham','sha1$87711$488758631b7e41e578f9b4b95d96cecfa288f696',2,0,'2011-10-02 00:21:47','2011-10-02 20:39:12','416dd68b34d4acb79049a024487b29d7',1,'','14148','LomÃ©','CHU Tokoin',67,NULL,NULL,NULL,'','',NULL,NULL,NULL),(184,'Blaser Kurt',NULL,'info@kb-medizin-technik.com','KB Medizin Technik GmbH','sha1$87711$488758631b7e41e578f9b4b95d96cecfa288f696',2,0,'2011-10-03 11:00:19','2011-10-04 17:12:54','eae449b38199ca15cc9990e0cfa44ba2',1,'','4058','Basel','',99,NULL,NULL,NULL,'','',NULL,NULL,NULL),(185,'Markant',NULL,'oliver.markant@siemens.com','verwertung@slag.ch','sha1$87711$488758631b7e41e578f9b4b95d96cecfa288f696',2,0,'2011-10-03 14:33:16','0000-00-00 00:00:00','2a19ecfe71241ffe7435f702685bfa73',1,'Albisriederstrasse 243a I-40','8047','ZÃ¼rich','Siemens Leasing AG',99,NULL,NULL,NULL,'','',NULL,NULL,NULL),(186,'Bachmann',NULL,'bachmann@augenpraxis-weinbergstrasse.ch','Bachmann','sha1$87711$488758631b7e41e578f9b4b95d96cecfa288f696',2,0,'2011-10-04 14:47:17','2011-10-05 15:11:08','10a12737d7906812c481d35df0037fe2',1,'Weinbergstrasse 112','8006','ZÃ¼rich','',99,NULL,NULL,NULL,'','',NULL,NULL,NULL),(187,'khalil',NULL,'lil5005@yahoo.com','khelo','sha1$87711$488758631b7e41e578f9b4b95d96cecfa288f696',2,0,'2011-10-09 08:16:15','0000-00-00 00:00:00','a70e3bd0c8342152ab6332fa959b9a99',1,'','00961','baalbeck','',119,NULL,NULL,NULL,'','',NULL,NULL,NULL),(188,'aaaa',NULL,'awkwiatek@o2.pl','aaa','sha1$87711$488758631b7e41e578f9b4b95d96cecfa288f696',2,0,'2011-10-09 23:50:23','0000-00-00 00:00:00','fd50dfef79ffbbabcd1007143b7f79c1',1,'','77000','sss','',99,NULL,NULL,NULL,'','',NULL,NULL,NULL),(189,'Anna Grzechca',NULL,'a.grzechca@partner.gliwice.pl','ania','sha1$87711$488758631b7e41e578f9b4b95d96cecfa288f696',2,0,'2011-10-10 10:42:28','2011-10-11 07:10:59','173f9b0c0f53950e5dbc9f5838f84094',1,'wieczorka 22','44-100','Gliwice','Poradnia Psychologiczna PARTNER',79,NULL,NULL,NULL,'','',NULL,NULL,NULL),(190,'Aleksandra Rogger-MID',NULL,'aleksandra.rogger.mid@medtechtrade.com','ARogger_MID','sha1$87711$488758631b7e41e578f9b4b95d96cecfa288f696',1,0,'2011-10-11 10:35:16','2011-11-02 15:15:27','',1,NULL,'','',NULL,500,NULL,NULL,NULL,NULL,NULL,NULL,NULL,NULL),(191,'raffaele.porfido.mid',NULL,'raffaele.porfido.mid@medtechtrade.com','rporfido_mid','sha1$87711$488758631b7e41e578f9b4b95d96cecfa288f696',1,0,'2011-10-11 10:52:05','2011-11-01 08:31:03','',1,NULL,'','',NULL,500,NULL,NULL,NULL,NULL,NULL,NULL,NULL,NULL),(192,'Aleksandra Grzesiak',NULL,'aleksandra.grzesiak@gmail.com','alegrz','sha1$87711$488758631b7e41e578f9b4b95d96cecfa288f696',2,0,'2011-10-17 01:32:51','2011-10-19 07:58:27','db411e59dde08120f164f9cac75eebad',1,'ul. Tagore 3b m.58','93-503','Lodz','',79,NULL,NULL,NULL,'','',NULL,NULL,NULL);

/*!40101 SET SQL_MODE=@OLD_SQL_MODE */;
/*!40014 SET FOREIGN_KEY_CHECKS=@OLD_FOREIGN_KEY_CHECKS */;
